bairro,ano,pct_area_dominacao_ada,pct_area_dominacao_cv,pct_area_dominacao_milicia,pct_area_dominacao_tcp
Abolição,2019,2.792102,0,10.826936,0
Abolição,2020,0,2.792102,26.704098,0
Abolição,2021,0,2.792102,26.704098,0
Abolição,2022,0,2.792102,26.70783,0
Abolição,2023,0,2.792102,26.70783,0
Abolição,2024,0,2.792102,26.703489,0
Acari,2019,0,0,0.859834,42.15639899999999
Acari,2020,0,0,7.153046,42.15639899999999
Acari,2021,0,0,0.903778,48.405666
Acari,2022,0,0,0.859834,48.405666
Acari,2023,0,0,7.109101,42.15639899999999
Acari,2024,0,0,0.859834,48.405666
Alto da Boa Vista,2019,0.001374,0.691381,0.006372,0
Alto da Boa Vista,2020,0,0.692755,0.006372,0
Alto da Boa Vista,2021,0,0.692755,0.006372,0
Alto da Boa Vista,2022,0,0.692755,0.006372,0
Alto da Boa Vista,2023,0,0.692755,0.006372,0
Alto da Boa Vista,2024,0,0.692755,0.006372,0
Anchieta,2019,0,38.555936,10.533285,3.391907
Anchieta,2020,0,39.505191,2.620597,3.391907
Anchieta,2021,0,39.270315,8.379591999999999,3.391907
Anchieta,2022,0,39.505191,6.181273,3.391907
Anchieta,2023,0,39.54979,0.517369,0
Anchieta,2024,0,42.978859,2.010273,0
Andaraí,2019,0,13.651216,0,0
Andaraí,2020,0,13.651216,0,0
Andaraí,2021,0,13.315635,34.992635,0.335581
Andaraí,2022,0,6.826712,34.992635,0.335581
Andaraí,2023,0,6.253251,0,7.661313
Andaraí,2024,0,6.253251,0,7.661313
Anil,2019,0,0.054926,39.87108,0
Anil,2020,0,0.054926,32.038283,0
Anil,2021,0,0.054926,25.466847,0
Anil,2022,0,0.054926,31.895235,0
Anil,2023,0,0.054926,36.796782,0
Anil,2024,0,0.054926,39.794146,0
Bancários,2019,5.881197,0,0.082233,9.416774
Bancários,2020,5.881197,0,0.082233,9.416774
Bancários,2021,5.881197,0,0.082233,9.416774
Bancários,2022,5.881197,0,0.082233,9.406142
Bancários,2023,5.881197,0,0.082233,9.416774
Bancários,2024,5.881197,0,0.082233,9.416774
Bangu,2019,3.5618326888458416,6.965992137758678,15.355562887555784,3.6755586949669423
Bangu,2020,3.5618326888458416,7.023122197985631,13.769656393162318,3.6755586949669423
Bangu,2021,3.5618326888458416,6.778609267486956,15.270550330009344,3.6755586949669423
Bangu,2022,3.0039204884761146,6.778609267486956,15.049191640092635,3.6755586949669423
Bangu,2023,3.0039204884761146,6.778609267486956,14.080802968590158,3.6755586949669423
Bangu,2024,3.416063665305658,6.778609267486956,15.278741684174484,3.6755586949669423
Barra da Tijuca,2019,0,0,0.343586,0
Barra da Tijuca,2020,0,0,0.343586,0
Barra da Tijuca,2021,0,0,0.343586,0
Barra da Tijuca,2022,0,0,0.343586,0
Barra da Tijuca,2023,0,0,0.343586,0
Barra da Tijuca,2024,0,0,0.039165,0
Barra de Guaratiba,2019,0,0,0,0
Barra de Guaratiba,2020,0,0,3.741102,0
Barra de Guaratiba,2021,0,0,9.702965,0
Barra de Guaratiba,2022,0,0,9.702965,0
Barra de Guaratiba,2023,0,0,7.735202999999999,0
Barra de Guaratiba,2024,0,0,5.121822,0
Barros Filho,2019,40.735873,4.575207,0,0
Barros Filho,2020,40.735873,4.575207,0,0
Barros Filho,2021,6.305026,22.29542,0.080199,16.710634
Barros Filho,2022,0.315293,22.29542,0.37656800000000007,16.710634
Barros Filho,2023,0.315293,22.29542,0.197848,16.710634
Barros Filho,2024,0.315293,22.29542,0.37656800000000007,16.710634
Benfica,2019,0.075159,8.75502,1.512579,0.004793
Benfica,2020,0.075159,8.75502,1.512579,0.004793
Benfica,2021,0.075159,8.75502,1.512579,0.004793
Benfica,2022,0.075159,8.75502,1.512579,0.004793
Benfica,2023,0.075159,10.562387,0,0.004793
Benfica,2024,0.075159,10.562387,0,0.004793
Bento Ribeiro,2019,0,0.272897,1.244428,0
Bento Ribeiro,2020,0,0.272897,18.270604,0
Bento Ribeiro,2021,0,0.272897,21.726054,0
Bento Ribeiro,2022,0,0.272897,10.407321,0
Bento Ribeiro,2023,0,0.272897,12.574253999999998,0
Bento Ribeiro,2024,0,0.272897,5.716014,0
Bonsucesso,2019,0,1.785079,0,0
Bonsucesso,2020,0,1.785079,17.133763,0
Bonsucesso,2021,0,1.785079,17.133763,0
Bonsucesso,2022,0,1.799101,11.489488,0
Bonsucesso,2023,0,1.799101,0,0
Bonsucesso,2024,0,1.799101,0,0
Botafogo,2019,0.003006,2.824532,0,0
Botafogo,2020,0.003006,3.494877,0,0
Botafogo,2021,0.003006,3.494877,0,0
Botafogo,2022,0.003006,1.390567,0,0
Botafogo,2023,0.003006,3.494877,0,0
Botafogo,2024,0.003006,1.390567,0,0
Brás de Pina,2019,0,5.519321,40.911125,20.588258
Brás de Pina,2020,0,5.519321,51.515961,22.145821
Brás de Pina,2021,0,5.519321,50.566766,22.145821
Brás de Pina,2022,0,6.384555,44.906961,23.446025
Brás de Pina,2023,0,5.197894,18.872245,32.987215
Brás de Pina,2024,0,38.182555,10.027296,32.898662
Cachambi,2019,0,1.7200820000000001,28.693762,0
Cachambi,2020,0,1.7200820000000001,28.693762,0
Cachambi,2021,0,1.7200820000000001,28.693762,0
Cachambi,2022,0,1.7200820000000001,28.693762,0
Cachambi,2023,0,1.7200820000000001,28.693762,0
Cachambi,2024,0,1.7200820000000001,15.533955,0
Cacuia,2019,0,0,3.9560270000000006,0
Cacuia,2020,0,0,3.9560270000000006,0
Cacuia,2021,0,0,3.9560270000000006,0
Cacuia,2022,0,0,3.9560270000000006,0
Cacuia,2023,0,0,3.953221,0
Cacuia,2024,0,0,3.953221,0
Caju,2019,3.71295,1.029447,0,0.032084
Caju,2020,1.7106089999999998,1.029447,0,2.034425
Caju,2021,1.7106089999999998,1.029447,0,2.034425
Caju,2022,1.7106089999999998,1.029447,0,2.034425
Caju,2023,1.7106089999999998,1.029447,0,2.034425
Caju,2024,1.7106089999999998,1.029447,0,2.034425
Camorim,2019,0,0,0.179517,0
Camorim,2020,0,0,13.574,0
Camorim,2021,0,0,13.574,0
Camorim,2022,0,0,13.574,0
Camorim,2023,0,0,13.574,0
Camorim,2024,0,0,9.292658,0
Campinho,2019,0,0,72.31801799999998,0
Campinho,2020,0,0,72.31801799999998,0
Campinho,2021,0,0,72.31801799999998,0
Campinho,2022,0,0,71.355928,0
Campinho,2023,0,0,68.214851,0
Campinho,2024,0,0,18.677785,2.250092
Campo Grande,2019,0,0.004242,26.248206,0
Campo Grande,2020,0,0.080321,25.838331,0
Campo Grande,2021,0,0.080321,22.294807,0
Campo Grande,2022,0,0.080321,20.68382,0
Campo Grande,2023,0,0.080321,21.363308,0
Campo Grande,2024,0,0.080321,22.869026000000005,0
Campo dos Afonsos,2019,0,0,0,0
Campo dos Afonsos,2020,0,0,0,0
Campo dos Afonsos,2021,0,0,0,0
Campo dos Afonsos,2022,0,0,0,0
Campo dos Afonsos,2023,0,0,0,0
Campo dos Afonsos,2024,0,0,0,0
Cascadura,2019,0,0,79.290628,0
Cascadura,2020,0,0,68.688859,0
Cascadura,2021,0,0,62.260972,0
Cascadura,2022,0,0.446684,78.843943,0
Cascadura,2023,0,0.446684,47.13088,0
Cascadura,2024,0,0.446684,33.816389,4.921417
Catete,2019,0,6.552138,0,0
Catete,2020,0,6.552138,0,0
Catete,2021,0,6.552138,0,0
Catete,2022,0,6.552138,0,0
Catete,2023,0,6.552138,0,0
Catete,2024,0,6.552138,0,0
Catumbi,2019,27.032414,0,0,0
Catumbi,2020,3.868601,0,0,23.163813
Catumbi,2021,3.868601,0,0,23.163813
Catumbi,2022,3.857743,0,0,23.17467
Catumbi,2023,3.857743,0,0,23.17467
Catumbi,2024,3.857743,0,0,23.17467
Cavalcanti,2019,0.736554,0,10.707941,15.199455
Cavalcanti,2020,0.689526,0,6.098621,15.246484
Cavalcanti,2021,0.689526,0,13.787216,25.004615
Cavalcanti,2022,0.689526,0,8.515808,25.004615
Cavalcanti,2023,0.689526,0,3.799236,25.004615
Cavalcanti,2024,0.689526,0,3.799236,25.004615
Centro,2019,0,0,3.961541647398132,0
Centro,2020,0,0,3.961541647398132,0
Centro,2021,0,0,4.231822919622347,0
Centro,2022,0,0,2.4362262024552366,0
Centro,2023,0,0,4.131364668748472,0
Centro,2024,0,0,1.5253154449428945,0
Cidade Nova,2019,0,0.00609,0,0
Cidade Nova,2020,0,0.00609,0,0
Cidade Nova,2021,0,0.00609,0,0
Cidade Nova,2022,0,0.00609,0,0
Cidade Nova,2023,0,0.00609,9.45e-4,0
Cidade Nova,2024,0,0.00609,0,0
Cidade Universitária,2019,0,0,0,0
Cidade Universitária,2020,0,0,0,0
Cidade Universitária,2021,0,0,0,0
Cidade Universitária,2022,0,0,0,0
Cidade Universitária,2023,0,0,0,0
Cidade Universitária,2024,0,0,0,0
Cidade de Deus,2019,0,85.868235,0,0
Cidade de Deus,2020,0,85.868235,0.24000599999999997,0
Cidade de Deus,2021,0,85.868235,0.24000599999999997,0
Cidade de Deus,2022,0,85.868235,0.24000599999999997,0
Cidade de Deus,2023,0,85.791667,0.24000599999999997,0
Cidade de Deus,2024,0,84.050868,0.24000599999999997,0
Cocotá,2019,0,0,51.359054,0.02409
Cocotá,2020,0,0,51.359054,0.02409
Cocotá,2021,0,0,51.359054,0.02409
Cocotá,2022,0,0,51.383145000000006,0
Cocotá,2023,0,0,0.02409,0
Cocotá,2024,0,0,0,0.02409
Coelho Neto,2019,6.592016,3.5135410000000005,0,0.23778800000000003
Coelho Neto,2020,0.164123,3.5135410000000005,6.978602,6.665681
Coelho Neto,2021,0,3.677664,6.750593,6.89369
Coelho Neto,2022,0,3.677664,0,6.89369
Coelho Neto,2023,0,3.677664,4.969205,6.665681
Coelho Neto,2024,0,3.677664,0,6.89369
Colégio,2019,0,2.073185,0,20.722096
Colégio,2020,0,2.073185,0.005682,20.722096
Colégio,2021,0,2.073185,0.005682,20.722096
Colégio,2022,0,2.073185,0,20.722096
Colégio,2023,0,2.073185,0.005682,20.722096
Colégio,2024,0,2.073185,0,20.722096
Complexo do Alemão,2019,0,67.568641,0,0
Complexo do Alemão,2020,0,67.568641,0,0
Complexo do Alemão,2021,0,67.568641,0,0
Complexo do Alemão,2022,0,67.744339,0,0
Complexo do Alemão,2023,0,66.732643,0,0
Complexo do Alemão,2024,0,66.732643,0,0
Copacabana,2019,0,5.559386,0,0
Copacabana,2020,0,5.559386,0,0
Copacabana,2021,0,5.559386,0,0
Copacabana,2022,0,5.384797,0,0
Copacabana,2023,0,5.559386,0,0
Copacabana,2024,0,5.384797,0,0
Cordovil,2019,0,8.777836000000002,6.840960000000001,12.145582
Cordovil,2020,0,8.520752,24.845859999999995,17.158297
Cordovil,2021,0,5.80361,24.845859999999995,19.875439
Cordovil,2022,0,0.66827,7.33333,25.213812
Cordovil,2023,0,3.825559,0,25.282796
Cordovil,2024,0,5.223915999999999,14.967128,25.226642
Cosme Velho,2019,0,10.852319,0,0
Cosme Velho,2020,0,10.852319,0,0
Cosme Velho,2021,0,10.852319,0,0
Cosme Velho,2022,0,10.852319,0,0
Cosme Velho,2023,0,10.852319,0,0
Cosme Velho,2024,0,10.852319,0,0
Cosmos,2019,0,0,48.901423,0
Cosmos,2020,0,0,49.27842299999999,0
Cosmos,2021,0,0,49.75961800000001,0
Cosmos,2022,0,0,49.502549,0
Cosmos,2023,0,0,46.775156,0
Cosmos,2024,0,0,46.664926,0
Costa Barros,2019,27.743502,29.602429,0,0.050542
Costa Barros,2020,25.436121,29.602429,0,0.050542
Costa Barros,2021,21.773449,32.724577,7.2e-4,0.591068
Costa Barros,2022,6.323088,32.724577,2.8521,18.348809
Costa Barros,2023,6.323088,32.724577,7.2e-4,18.348809
Costa Barros,2024,6.323088,32.724577,2.8521,18.348809
Curicica,2019,0,0,70.119498,0
Curicica,2020,0,0,70.119498,0
Curicica,2021,0,0,66.205303,0
Curicica,2022,0,0,70.119498,0
Curicica,2023,0,0,68.658171,0
Curicica,2024,0,0,62.497383,0
Del Castilho,2019,0,1.466581,60.107622,0
Del Castilho,2020,0,1.466581,60.107622,0
Del Castilho,2021,0,1.466581,60.107622,0
Del Castilho,2022,0,1.466581,60.107622,0
Del Castilho,2023,0,1.466581,42.660865,0
Del Castilho,2024,0,1.466581,60.10761899999999,0
Deodoro,2019,0,0.022202,10.813591,6.378534
Deodoro,2020,0,0,11.562575,6.400736
Deodoro,2021,0,0,11.562575,6.446531
Deodoro,2022,0,0,0.460459,6.446531
Deodoro,2023,0,0,0.042097,6.446531
Deodoro,2024,0,0,0.042097,6.446531
Encantado,2019,0,0.474867,59.136614,0
Encantado,2020,0,0.474867,8.288503,0
Encantado,2021,0,0.474867,16.446168,0
Encantado,2022,0,0.474867,6.125606,0
Encantado,2023,0,0.474867,13.157516,0
Encantado,2024,0,0.474867,30.654731,0
Engenheiro Leal,2019,0,0,27.245481000000005,9.50846
Engenheiro Leal,2020,0,0,13.857575,9.50846
Engenheiro Leal,2021,0,0,4.120933,9.50846
Engenheiro Leal,2022,0,0,27.255783,9.50846
Engenheiro Leal,2023,0,0,0,9.50846
Engenheiro Leal,2024,0,0,3.920687,9.50846
Engenho Novo,2019,0.156924,18.625252,0.006053,0
Engenho Novo,2020,0.156924,18.625252,0.006053,0
Engenho Novo,2021,0.156924,18.625252,0.006053,0
Engenho Novo,2022,0.156924,18.625252,0.006053,0
Engenho Novo,2023,0.156924,18.625252,0.006053,0
Engenho Novo,2024,0.156924,18.625252,0.006053,0
Engenho da Rainha,2019,0,26.068489,0,0
Engenho da Rainha,2020,0,26.068489,0,0
Engenho da Rainha,2021,0,26.068489,0,0
Engenho da Rainha,2022,0,26.068489,0,0
Engenho da Rainha,2023,0,22.611501,0,0
Engenho da Rainha,2024,0,26.068489,0,0
Engenho de Dentro,2019,0,10.579771,10.635546,0
Engenho de Dentro,2020,0,10.579771,10.34302,0
Engenho de Dentro,2021,0,10.579771,10.34302,0
Engenho de Dentro,2022,0,10.579771,10.34302,0
Engenho de Dentro,2023,0,10.579771,11.067419,0
Engenho de Dentro,2024,0,10.579771,3.828685,0
Estácio,2019,15.959526999999998,0,0,0
Estácio,2020,0.566733,0,0,15.392794
Estácio,2021,0.566733,0,0,15.392794
Estácio,2022,0.515102,0,0,15.444425
Estácio,2023,0.515102,0,0,15.444425
Estácio,2024,0.515102,0,0,15.444425
Flamengo,2019,1.3488019999999998,0,0,0
Flamengo,2020,1.3488019999999998,0,0,0
Flamengo,2021,1.3488019999999998,0,0,0
Flamengo,2022,1.3488019999999998,0,0,0
Flamengo,2023,1.3488019999999998,0,0,0
Flamengo,2024,1.3488019999999998,0,0,0
Freguesia (Ilha do Governador),2019,0,0,0,5.664743
Freguesia (Ilha do Governador),2020,0,0,0,5.664743
Freguesia (Ilha do Governador),2021,0,0,0,5.664743
Freguesia (Ilha do Governador),2022,0,0,0,3.977742
Freguesia (Ilha do Governador),2023,0,0,0,5.664743
Freguesia (Ilha do Governador),2024,0,0,0,5.664743
Freguesia (Jacarepaguá),2019,0,3.4015650000000006,7.864417000000001,0
Freguesia (Jacarepaguá),2020,0,2.727448,8.538534,0
Freguesia (Jacarepaguá),2021,0,2.740904,6.270924,0
Freguesia (Jacarepaguá),2022,0,4.144338,2.238039,0
Freguesia (Jacarepaguá),2023,0,3.657231,3.035508,0
Freguesia (Jacarepaguá),2024,0,4.624736,2.144052,0
Galeão,2019,0,1.801417,0,0.618446
Galeão,2020,0,1.801417,0,0.618446
Galeão,2021,0,1.801417,0,0.618446
Galeão,2022,0,1.801417,0,0.618446
Galeão,2023,0,1.801417,0,0.618446
Galeão,2024,0,1.801417,0,0.618446
Gamboa,2019,0,11.178487,0,0
Gamboa,2020,0,11.178487,0,0
Gamboa,2021,0,11.178487,0,0
Gamboa,2022,0,11.178487,0,0
Gamboa,2023,0,11.178487,0,0
Gamboa,2024,0,11.178487,0,0
Gardênia Azul,2019,0,1.272428,75.324757,0
Gardênia Azul,2020,0,1.272428,79.939401,0
Gardênia Azul,2021,0,1.272428,79.939401,0
Gardênia Azul,2022,0,1.272428,79.939401,0
Gardênia Azul,2023,0,1.272428,79.939401,0
Gardênia Azul,2024,0,1.272428,79.939401,0
Gericinó,2019,0,0.017438,78.001764,0
Gericinó,2020,0,0.017438,78.001764,0
Gericinó,2021,0,0,78.01920199999999,0
Gericinó,2022,0,0,78.01920199999999,0
Gericinó,2023,0,0,78.01920199999999,0
Gericinó,2024,0,0,78.01920199999999,0
Glória,2019,0,0,0,0
Glória,2020,0,0,0,0
Glória,2021,0,0,0,0
Glória,2022,0,0,0,0
Glória,2023,0,0,0,0
Glória,2024,0,0,0,0
Grajaú,2019,0,4.959042,0.7446020000000001,0
Grajaú,2020,0,4.959042,0,0
Grajaú,2021,0,4.959042,0.02146,0
Grajaú,2022,0,4.959042,0.02146,0
Grajaú,2023,0,4.959042,0,0
Grajaú,2024,0,4.959042,0,0
Grumari,2019,0,0,0,0
Grumari,2020,0,0,0,0
Grumari,2021,0,0,0,0
Grumari,2022,0,0,0,0
Grumari,2023,0,0,0,0
Grumari,2024,0,0,0,0
Guadalupe,2019,0,14.887992,17.348147,0.040921
Guadalupe,2020,0,14.83308,15.760948,0.095834
Guadalupe,2021,0,14.83308,27.081969,1.517392
Guadalupe,2022,0,14.299805,27.565442,2.050666
Guadalupe,2023,0,16.456188,27.378704,2.050666
Guadalupe,2024,0,16.849086,25.855473,2.050666
Guaratiba,2019,0,0,8.963067848553695,0
Guaratiba,2020,0,0,8.389712041235548,0
Guaratiba,2021,0,0,8.734307369894696,0
Guaratiba,2022,0,0,7.389761214980776,0
Guaratiba,2023,0,0,7.855496320092347,0
Guaratiba,2024,0,0,9.73617006291946,0
Gávea,2019,0.704525,1.7667200000000003,0,0
Gávea,2020,0,2.471245,0,0
Gávea,2021,0,2.471245,0,0
Gávea,2022,0,2.471245,0,0
Gávea,2023,0,2.471245,0,0
Gávea,2024,0,2.471245,0,0
Higienópolis,2019,0,0.995444,1.593891,0
Higienópolis,2020,0,0.995444,1.593891,0
Higienópolis,2021,0,0.995444,1.593891,0
Higienópolis,2022,0,0.995444,1.593891,0
Higienópolis,2023,0,0.995444,4.77551,0
Higienópolis,2024,0,0.995444,4.77551,0
Honório Gurgel,2019,0.19844,11.480374,3.993394,0
Honório Gurgel,2020,0.19844,11.480374,17.717637,0
Honório Gurgel,2021,0,11.480374,17.717637,0.19844
Honório Gurgel,2022,0,11.480374,17.714248,0.19844
Honório Gurgel,2023,0,11.480374,17.717637,0.19844
Honório Gurgel,2024,0,11.480374,3.319702,0.19844
Humaitá,2019,0,0.526084,0,0
Humaitá,2020,0,0.526084,0,0
Humaitá,2021,0,0.526084,0,0
Humaitá,2022,0,0.526084,0,0
Humaitá,2023,0,0.526084,0,0
Humaitá,2024,0,0.526084,0,0
Inhaúma,2019,0,8.599487,28.701744,0
Inhaúma,2020,0,8.599487,28.701744,0
Inhaúma,2021,0,8.599487,28.701744,0
Inhaúma,2022,0,8.599487,28.701744,0
Inhaúma,2023,0,5.358915,9.705906,0
Inhaúma,2024,0,5.358915,28.701744,0
Inhoaíba,2019,0,7.5e-5,48.940271,0
Inhoaíba,2020,0,7.5e-5,48.940271,0
Inhoaíba,2021,0,7.5e-5,47.717012,0
Inhoaíba,2022,0,7.5e-5,44.59038,0
Inhoaíba,2023,0,7.5e-5,46.633884,0
Inhoaíba,2024,0,7.5e-5,46.446519,0
Ipanema,2019,0,1.53813,0,0
Ipanema,2020,0,1.53813,0,0
Ipanema,2021,0,1.53813,0,0
Ipanema,2022,0,1.53813,0,0
Ipanema,2023,0,1.53813,0,0
Ipanema,2024,0,1.53813,0,0
Irajá,2019,0,1.978233,9.291222,0.289673
Irajá,2020,0,1.978233,8.243617,0.289673
Irajá,2021,0,1.978233,9.611842,0.289673
Irajá,2022,0,1.978233,11.051624,0.289673
Irajá,2023,0,1.978233,7.602351,0.289673
Irajá,2024,0,1.978233,7.604199,0.289673
Itanhangá,2019,0,2.190972,16.270935,0
Itanhangá,2020,0,2.190972,16.958041,0
Itanhangá,2021,0,2.190972,16.958041,0
Itanhangá,2022,0,2.190972,16.958041,0
Itanhangá,2023,0,2.190972,16.958041,0
Itanhangá,2024,0,2.190972,18.76791,0
Jacarepaguá,2019,0,0.299217,18.237102,0
Jacarepaguá,2020,0,0.299217,18.631373,0
Jacarepaguá,2021,0,0.299217,18.919253,0
Jacarepaguá,2022,0,0.299763,17.217101,0
Jacarepaguá,2023,0,0.369792,15.415625000000002,0
Jacarepaguá,2024,0,0.715679,15.939234,0
Jacarezinho,2019,0,53.954514,0,0
Jacarezinho,2020,0,53.954514,0,0
Jacarezinho,2021,0,53.954514,0,0
Jacarezinho,2022,0,53.954514,0,0
Jacarezinho,2023,0,64.42893,0,0
Jacarezinho,2024,0,64.42893,0,0
Jacaré,2019,0,9.594924,0,0
Jacaré,2020,0,9.594924,0,0
Jacaré,2021,0,9.594924,0,0
Jacaré,2022,0,9.594924,0,0
Jacaré,2023,0,9.594924,0,0
Jacaré,2024,0,9.594924,0,0
Jardim América,2019,0,10.503352,0,0
Jardim América,2020,0,10.503352,0,0
Jardim América,2021,0,10.503352,0,0
Jardim América,2022,0,10.503352,0,0
Jardim América,2023,0,10.503352,0,0
Jardim América,2024,0,10.503352,0,0
Jardim Botânico,2019,0,0,0,0
Jardim Botânico,2020,0,0,0,0
Jardim Botânico,2021,0,0,0,0
Jardim Botânico,2022,0,0,0,0
Jardim Botânico,2023,0,0,0,0
Jardim Botânico,2024,0,0,0,0
Jardim Carioca,2019,0,0,1.40735,7.831858
Jardim Carioca,2020,0,0,1.40735,7.831858
Jardim Carioca,2021,0,0,1.40735,7.831858
Jardim Carioca,2022,0,0,1.414739,7.824469
Jardim Carioca,2023,0,0,0.007389,7.824469
Jardim Carioca,2024,0,0,0,16.361587
Jardim Guanabara,2019,0,0,0,0.4148740000000001
Jardim Guanabara,2020,0,0,0,0.4148740000000001
Jardim Guanabara,2021,0,0,0,0.4148740000000001
Jardim Guanabara,2022,0,0,0,0.4148740000000001
Jardim Guanabara,2023,0,0,0,0.4148740000000001
Jardim Guanabara,2024,0,0,0,0.4148740000000001
Jardim Sulacap,2019,0,0,1.09953,0
Jardim Sulacap,2020,0,0,1.09953,0
Jardim Sulacap,2021,0,0,1.09953,0
Jardim Sulacap,2022,0,0,0.215657,0
Jardim Sulacap,2023,0,0,1.09953,0
Jardim Sulacap,2024,0,0,0.825466,0
Joá,2019,0,0,0,0
Joá,2020,0,0,0,0
Joá,2021,0,0,0,0
Joá,2022,0,0,0,0
Joá,2023,0,0,0,0
Joá,2024,0,0,0,0
Lagoa,2019,0,0.012159,0,0
Lagoa,2020,0,0.012159,0,0
Lagoa,2021,0,0.012159,0,0
Lagoa,2022,0,0.012159,0,0
Lagoa,2023,0,0.012159,0,0
Lagoa,2024,0,0.012159,0,0
Laranjeiras,2019,0.084608,3.060537,0,0
Laranjeiras,2020,0.084608,3.060537,0,0
Laranjeiras,2021,0.084608,3.060537,0,0
Laranjeiras,2022,0.084608,3.060537,0,0
Laranjeiras,2023,0.084608,3.060537,0,0
Laranjeiras,2024,0.084608,3.060537,0,0
Leblon,2019,0.546009,0,0,0
Leblon,2020,0.546009,0,0,0
Leblon,2021,0.546009,0,0,0
Leblon,2022,0,0.546009,0,0
Leblon,2023,0,0.546009,0,0
Leblon,2024,0,0.546009,0,0
Leme,2019,0,13.935825,0,0
Leme,2020,0,13.935825,0,0
Leme,2021,0,13.935825,0,0
Leme,2022,0,13.935825,0,0
Leme,2023,0,13.935825,0,0
Leme,2024,0,13.935825,0,0
Lins de Vasconcelos,2019,0,26.487297,0,0
Lins de Vasconcelos,2020,0,26.487297,0,0
Lins de Vasconcelos,2021,0,26.487297,0,0
Lins de Vasconcelos,2022,0,26.487297,0,0
Lins de Vasconcelos,2023,0,26.487297,0,0
Lins de Vasconcelos,2024,0,26.487297,0,0
Madureira,2019,0,5.41439,36.415273,9.062972
Madureira,2020,0,5.41439,37.937130999999994,9.062972
Madureira,2021,0,6.400966,37.937130999999994,9.062972
Madureira,2022,0,6.400966,43.416604,8.963869
Madureira,2023,0,6.400966,32.71311,8.963869
Madureira,2024,0,5.492286,18.221463999999997,8.963869
Magalhães Bastos,2019,4.483497,0,18.836566,0
Magalhães Bastos,2020,4.483497,0,18.836566,0
Magalhães Bastos,2021,4.483497,0,18.740484,0
Magalhães Bastos,2022,4.483497,0,18.740484,0
Magalhães Bastos,2023,4.483497,0,18.836566,0
Magalhães Bastos,2024,4.559466,0,20.635018,0
Mangueira,2019,0,46.122249,0,0
Mangueira,2020,0,46.122249,0,0
Mangueira,2021,0,46.122249,0,0
Mangueira,2022,0,46.122249,0,0
Mangueira,2023,0,35.090308,0,0
Mangueira,2024,0,46.122249,0,0
Manguinhos,2019,0,14.418216,2.511344,0
Manguinhos,2020,0,14.418216,2.536332,0
Manguinhos,2021,0,14.418216,2.536332,0
Manguinhos,2022,0,16.92956,0.024987,0
Manguinhos,2023,0,18.590022,0.024987,0
Manguinhos,2024,0,18.590022,0.024987,0
Maracanã,2019,0,0.416367,0,0
Maracanã,2020,0,0.416367,0,0
Maracanã,2021,0,0.416367,0,0
Maracanã,2022,0,0.416367,0,0
Maracanã,2023,0,0.416367,0,0
Maracanã,2024,0,0.416367,0,0
Marechal Hermes,2019,0,6.386388,1.723773,1.090278
Marechal Hermes,2020,0,2.5323580000000003,5.326844,4.944307
Marechal Hermes,2021,0,2.5323580000000003,4.146965,4.944307
Marechal Hermes,2022,0,1.720696,1.724615,5.755969
Marechal Hermes,2023,0,1.720696,4.702522,4.679525
Marechal Hermes,2024,0,1.720696,3.560599,5.755969
Maria da Graça,2019,0,0,0,0
Maria da Graça,2020,0,0,0,0
Maria da Graça,2021,0,0,0,0
Maria da Graça,2022,0,0,0,0
Maria da Graça,2023,0,0,0,0
Maria da Graça,2024,0,0,0,0
Maré,2019,0,22.306542,18.107811,29.127954
Maré,2020,0,22.306542,26.321495,29.127954
Maré,2021,0,22.306542,24.438545,29.127954
Maré,2022,0,21.089575,26.301025,30.34492
Maré,2023,0,21.089575,20.007883,30.34492
Maré,2024,0,21.089575,21.890833,30.34492
Moneró,2019,0,0,0,0
Moneró,2020,0,0,0,0
Moneró,2021,0,0,0,0
Moneró,2022,0,0,0,0
Moneró,2023,0,0,0,0
Moneró,2024,0,0,0,0
Méier,2019,0,2.382419,4.408277,0
Méier,2020,0,2.382419,10.460596,0
Méier,2021,0,2.382419,10.460596,0
Méier,2022,0,2.382419,4.408277,0
Méier,2023,0,2.382419,4.408277,0
Méier,2024,0,2.382419,4.408277,0
Olaria,2019,0,20.226012,6.696107,0
Olaria,2020,0,20.226012,6.696107,0
Olaria,2021,0,20.226012,6.696107,0
Olaria,2022,0,20.226012,3.092634,0
Olaria,2023,0,17.305785,0.170873,0
Olaria,2024,0,17.731004,0.170873,0
Oswaldo Cruz,2019,0,0.300714,13.929403,0
Oswaldo Cruz,2020,0,0.300714,16.792339,0
Oswaldo Cruz,2021,0,0.300714,13.929403,0
Oswaldo Cruz,2022,0,0.300714,6.803012,0
Oswaldo Cruz,2023,0,0.300714,6.793144,0
Oswaldo Cruz,2024,0,0.300714,3.094292,0
Paciência,2019,0,1.325524,31.178804,0
Paciência,2020,0,0.261964,31.201604000000003,0
Paciência,2021,0,0.261964,32.852264,0
Paciência,2022,0,0.261964,27.314657,0
Paciência,2023,0,0.261964,32.019242,0
Paciência,2024,0,0,32.691274,0
Padre Miguel,2019,22.203547,0.44815600000000005,10.058501,0
Padre Miguel,2020,22.203547,0.44815600000000005,10.058501,0
Padre Miguel,2021,22.203547,0.44815600000000005,11.739696,0
Padre Miguel,2022,21.660331,0.44815600000000005,10.058501,0
Padre Miguel,2023,21.660331,0.44815600000000005,10.058501,0
Padre Miguel,2024,19.808199,0.44815600000000005,11.739696,0
Parada de Lucas,2019,0,0.003018,0.893862,29.024909
Parada de Lucas,2020,0,0.003018,13.166638,32.156384
Parada de Lucas,2021,0,0.003018,13.166638,32.156384
Parada de Lucas,2022,0,0,0.881609,32.159400999999995
Parada de Lucas,2023,0,0,0.881609,32.159400999999995
Parada de Lucas,2024,0,0,13.166638,32.159400999999995
Parque Anchieta,2019,0,0.878444,2.743301,0.001286
Parque Anchieta,2020,0,0.878444,7.93495,0.001286
Parque Anchieta,2021,0,0.878444,5.19165,0.001286
Parque Anchieta,2022,0,0.878444,5.199096,0.001286
Parque Anchieta,2023,0,5.770726,0,0
Parque Anchieta,2024,0,5.770726,2.641648,0
Parque Colúmbia,2019,1.350443,0,0.003745,7.396434
Parque Colúmbia,2020,1.350443,0,0.003745,7.396434
Parque Colúmbia,2021,1.350443,0,0.003745,7.396434
Parque Colúmbia,2022,1.350443,0,0.003745,7.396434
Parque Colúmbia,2023,1.350443,0,0.003745,7.396434
Parque Colúmbia,2024,1.350443,0,0.003745,7.396434
Pavuna,2019,1.973092,19.155305,17.097983,9.846172
Pavuna,2020,1.203149,19.155305,17.097983,10.615944
Pavuna,2021,0.923608,19.202078,14.455246,10.848711
Pavuna,2022,0.899135,19.202078,17.097983,10.873356
Pavuna,2023,0.899135,17.375916,13.070656,10.873356
Pavuna,2024,0.899135,19.202078,9.989285,10.873356
Pechincha,2019,0,1.163668,2.08205,0
Pechincha,2020,0,1.163668,2.08205,0
Pechincha,2021,0,2.075601,2.072904,0
Pechincha,2022,0,2.075601,2.072904,0
Pechincha,2023,0,4.55e-4,2.072904,0
Pechincha,2024,0,0,2.072904,0
Pedra de Guaratiba,2019,0,0,24.880581,0
Pedra de Guaratiba,2020,0,0,17.203013,0
Pedra de Guaratiba,2021,0,0,22.570668,0
Pedra de Guaratiba,2022,0,0,24.572382,0
Pedra de Guaratiba,2023,0,0,24.880581,0
Pedra de Guaratiba,2024,0,0,22.885599,0
Penha,2019,0,20.575438,0.917077,0
Penha,2020,0,20.575894,0.322367,0
Penha,2021,0,20.569237,0.322367,0
Penha,2022,0,20.569237,0.322367,0
Penha,2023,0,20.568975,0.304751,0
Penha,2024,0,20.015147,0.304751,0
Penha Circular,2019,0,14.891686,1.877668,0.093087
Penha Circular,2020,0,14.159399,3.555103,0.21779
Penha Circular,2021,0,15.049544,3.555103,0.21779
Penha Circular,2022,0,15.900563999999996,3.492252,0.21779
Penha Circular,2023,0,17.894461,3.530908,0.21779
Penha Circular,2024,0,17.897164,3.431032,0.317666
Piedade,2019,1.001981,0.805415,60.26088,0
Piedade,2020,0.696122,1.111274,57.506257,0
Piedade,2021,0.696122,7.537062,25.214317,0
Piedade,2022,0.002501,9.494133,7.68114,0
Piedade,2023,0.002501,9.815812,4.142128,0
Piedade,2024,0.002501,9.815812,14.235167,0
Pilares,2019,6.530282,10.735015,29.7615,0
Pilares,2020,0.181166,17.084132,29.963758,0
Pilares,2021,0.181166,17.084132,29.963758,0
Pilares,2022,0.181166,17.084132,32.646021,0
Pilares,2023,0.181166,17.084132,29.963758,0
Pilares,2024,0,17.265298,20.932569,0
Pitangueiras,2019,0,0,19.432851,0
Pitangueiras,2020,0,0,19.432851,0
Pitangueiras,2021,0,0,19.432851,0
Pitangueiras,2022,0,0,19.432851,0
Pitangueiras,2023,0,0,19.432851,0
Pitangueiras,2024,0,0,19.432851,0
Portuguesa,2019,0,0,0,16.014952
Portuguesa,2020,0,0,0,16.014952
Portuguesa,2021,0,0,0,16.014952
Portuguesa,2022,0,0,0,16.014952
Portuguesa,2023,0,0,0,16.014952
Portuguesa,2024,0,0,0,16.014952
Praia da Bandeira,2019,0,0,57.563909,0
Praia da Bandeira,2020,0,0,57.563909,0
Praia da Bandeira,2021,0,0,57.563909,0
Praia da Bandeira,2022,0,0,57.563909,0
Praia da Bandeira,2023,0,0,14.867831,0
Praia da Bandeira,2024,0,0,14.867831,0
Praça Seca,2019,0,0,77.641914,0
Praça Seca,2020,0,0,77.641914,0
Praça Seca,2021,0,0,77.641914,0
Praça Seca,2022,0,0,75.857374,0
Praça Seca,2023,0,0.006034,58.614519,0
Praça Seca,2024,0,0.202815,39.478867,0
Praça da Bandeira,2019,0,0,0,0
Praça da Bandeira,2020,0,0,0,0
Praça da Bandeira,2021,0,0,0,0
Praça da Bandeira,2022,0,0,0,0
Praça da Bandeira,2023,0,0,28.706403000000005,0
Praça da Bandeira,2024,0,0,0,0
Quintino Bocaiúva,2019,1.835641,0,40.750376,0
Quintino Bocaiúva,2020,0.387496,0,38.283258,0
Quintino Bocaiúva,2021,0.387496,1.458425,37.751494,0
Quintino Bocaiúva,2022,0.387496,1.52655,32.795433,0
Quintino Bocaiúva,2023,0.387496,3.513454,21.428394,0
Quintino Bocaiúva,2024,0.387496,3.513454,21.715006,0
Ramos,2019,0,8.098161,34.042928,0
Ramos,2020,0,8.098161,39.463346,0
Ramos,2021,0,8.098161,34.285393,0
Ramos,2022,0,9.362262,35.406481,0
Ramos,2023,0,9.362262,24.303259,0
Ramos,2024,0,9.362262,29.723678,0
Realengo,2019,3.842824,0.106316,17.695039,0.300402
Realengo,2020,4.220226,0.106316,11.197923,0.300402
Realengo,2021,4.437817,0.106316,12.843683,0.300402
Realengo,2022,4.437817,0.106316,13.335161,0.300402
Realengo,2023,5.25265,2.077953,9.818097,0.300402
Realengo,2024,7.121688,1.886865,8.253919,0.300402
Recreio dos Bandeirantes,2019,0,0,11.224959,0
Recreio dos Bandeirantes,2020,0,0,16.035561,0
Recreio dos Bandeirantes,2021,0,0,17.280762,0
Recreio dos Bandeirantes,2022,0,0,17.310365,0
Recreio dos Bandeirantes,2023,0,0,15.869567,0
Recreio dos Bandeirantes,2024,0,0.43726399999999993,16.261706,0
Riachuelo,2019,0,0,0,0
Riachuelo,2020,0,0,0,0
Riachuelo,2021,0,0,0,0
Riachuelo,2022,0,0,0,0
Riachuelo,2023,0,0,0,0
Riachuelo,2024,0,0,0,0
Ribeira,2019,0,0,0,0
Ribeira,2020,0,0,0,0
Ribeira,2021,0,0,0,0
Ribeira,2022,0,0,0,0
Ribeira,2023,0,0,0,0
Ribeira,2024,0,0,0,0
Ricardo de Albuquerque,2019,0,16.073935,8.127817,0
Ricardo de Albuquerque,2020,0,16.073935,2.0153,0
Ricardo de Albuquerque,2021,0,16.073935,3.498506,0
Ricardo de Albuquerque,2022,0,16.073935,0,0
Ricardo de Albuquerque,2023,0,30.44,4.93e-4,0
Ricardo de Albuquerque,2024,0,30.44,0,0
Rio Comprido,2019,3.112002,11.908525,0,0
Rio Comprido,2020,3.0870210000000005,11.908525,0,0.02498
Rio Comprido,2021,3.0870210000000005,11.908525,0,0.02498
Rio Comprido,2022,1.7253839999999998,11.908525,0,1.3866179999999997
Rio Comprido,2023,1.7253839999999998,11.908525,0,1.3866179999999997
Rio Comprido,2024,1.7253839999999998,11.908525,0,1.3866179999999997
Rocha,2019,0,0,0,0
Rocha,2020,0,0,0,0
Rocha,2021,0,0,0,0
Rocha,2022,0,0,0,0
Rocha,2023,0,0.00697,0,0
Rocha,2024,0,0.00697,0,0
Rocha Miranda,2019,0,21.533124,0,0
Rocha Miranda,2020,0,13.640558,2.192697,0
Rocha Miranda,2021,0,21.533124,2.192697,0
Rocha Miranda,2022,0,23.148283,2.169608,0
Rocha Miranda,2023,0,23.325436,2.169608,0
Rocha Miranda,2024,0,23.325436,0,0
Rocinha,2019,0,60.094691,0,0
Rocinha,2020,0,60.094691,0,0
Rocinha,2021,0,60.094691,0,0
Rocinha,2022,0,60.094691,0,0
Rocinha,2023,0,60.094691,0,0
Rocinha,2024,0,60.094691,0,0
Sampaio,2019,0,3.314866,0,0
Sampaio,2020,0,3.314866,0,0
Sampaio,2021,0,3.314866,0,0
Sampaio,2022,0,3.314866,0,0
Sampaio,2023,0,3.314866,0,0
Sampaio,2024,0,3.314866,0,0
Santa Cruz,2019,0,0.37551099999999993,17.392703,0
Santa Cruz,2020,0,0.37551099999999993,17.690221,0
Santa Cruz,2021,0,0.37551099999999993,17.488223,0
Santa Cruz,2022,0,0.066471,17.708608,0
Santa Cruz,2023,0,0.02041799999999999,17.962412,0
Santa Cruz,2024,0,0.02041799999999999,16.285818,0
Santa Teresa,2019,1.6751870000000002,4.023967,0.066328,0
Santa Teresa,2020,0,5.699154,0.066328,0
Santa Teresa,2021,0,5.699154,0.066328,0
Santa Teresa,2022,0,5.699154,0.066328,0
Santa Teresa,2023,0,5.699154,0.066328,0
Santa Teresa,2024,0,5.699154,0.066328,0
Santo Cristo,2019,0,1.4418650000000002,0,0
Santo Cristo,2020,0,1.4418650000000002,0,0
Santo Cristo,2021,0,1.4418650000000002,0,0
Santo Cristo,2022,0,1.4418650000000002,0,0
Santo Cristo,2023,0,1.4418650000000002,0.130431,0
Santo Cristo,2024,0,1.4418650000000002,0,0
Santíssimo,2019,0,0,20.708995,1.528924
Santíssimo,2020,0,0,16.079767,1.528924
Santíssimo,2021,0,0,13.812804,1.528924
Santíssimo,2022,0,0,14.706669,1.528924
Santíssimo,2023,0,0,10.086415,1.528924
Santíssimo,2024,0,0,13.227847,1.528924
Saúde,2019,0,0,2.171159,0
Saúde,2020,0,0,2.171159,0
Saúde,2021,0,0,2.171159,0
Saúde,2022,0,0,2.171159,0
Saúde,2023,0,0,2.171159,0
Saúde,2024,0,0,0,0
Senador Camará,2019,0.42478293478098467,1.0259727218374122,0.26524669225908204,13.885328702470453
Senador Camará,2020,0.42478293478098467,1.0259727218374122,0.26524669225908204,13.885328702470453
Senador Camará,2021,0.3025620354775461,1.0259727218374122,0.26524669225908204,14.00754960177389
Senador Camará,2022,0.3025620354775461,1.0259727218374122,0.08495168014165631,14.23018060974774
Senador Camará,2023,0.3025620354775461,1.0259727218374122,0.08495168014165631,14.23018060974774
Senador Camará,2024,0.3025620354775461,1.0259727218374122,0.04261568428523567,14.23018060974774
Senador Vasconcelos,2019,0,0,21.99024,0
Senador Vasconcelos,2020,0,0,21.906211,0
Senador Vasconcelos,2021,0,0,21.830805,0
Senador Vasconcelos,2022,0,0,17.194011,0
Senador Vasconcelos,2023,0,0,10.557168,0
Senador Vasconcelos,2024,0,0,11.913715000000002,0
Sepetiba,2019,0,0,68.052785,0
Sepetiba,2020,0,0,62.483633000000005,0
Sepetiba,2021,0,0,52.134245,0
Sepetiba,2022,0,0,62.766867,0
Sepetiba,2023,0,0,51.339361999999994,0
Sepetiba,2024,0,0,42.320842,0
São Conrado,2019,0.510618,6.303489,0,0
São Conrado,2020,0.310895,6.503212,0,0
São Conrado,2021,0.310895,6.503212,0,0
São Conrado,2022,0.310895,6.503212,0,0
São Conrado,2023,0.310895,6.503212,0,0
São Conrado,2024,0.310895,6.503212,0,0
São Cristóvão,2019,0,0,0,0
São Cristóvão,2020,0,0,0,0
São Cristóvão,2021,0,0,0,0
São Cristóvão,2022,0,0,0,0
São Cristóvão,2023,0,0,0,0
São Cristóvão,2024,0,0,0,0
São Francisco Xavier,2019,0,1.316514,0,0
São Francisco Xavier,2020,0,1.316514,0,0
São Francisco Xavier,2021,0,1.316514,0,0
São Francisco Xavier,2022,0,1.316514,0,0
São Francisco Xavier,2023,0,1.316514,0,0
São Francisco Xavier,2024,0,1.316514,0,0
Tanque,2019,0,0.0017,56.87040999999999,0
Tanque,2020,0,0,57.671807,0
Tanque,2021,0,0,56.511921,0
Tanque,2022,0,0,49.76834900000001,0
Tanque,2023,0,1.022741,36.399113,0
Tanque,2024,0,4.466674,25.889467,0
Taquara,2019,0,1.270482,58.099284,0
Taquara,2020,0,1.270482,56.592712,0
Taquara,2021,0,1.270482,53.141451000000004,0
Taquara,2022,0,1.270482,52.341696,0
Taquara,2023,0,1.328982,53.969473,0
Taquara,2024,0,2.813914,49.917243,0
Tauá,2019,0.005589,0,2.993182,14.619782
Tauá,2020,0.005589,0,2.993182,14.619782
Tauá,2021,0.005589,0,2.993182,14.619782
Tauá,2022,0.005589,0,10.460134,7.15283
Tauá,2023,0.005589,0,10.375221,7.15283
Tauá,2024,0.005589,0,2.9082680000000005,14.619782
Tijuca,2019,0.191018,7.336107,0,0.846112
Tijuca,2020,0.191018,7.336107,0,0.846112
Tijuca,2021,0.191018,7.271475,6.661543,0.910744
Tijuca,2022,0.191018,7.270495,6.661543,0.910744
Tijuca,2023,0.191018,4.500936,0,4.303398
Tijuca,2024,0.191018,4.500936,0,4.303398
Todos os Santos,2019,0,0,9.413094,0
Todos os Santos,2020,0,0,9.423142,0
Todos os Santos,2021,0,0,9.423142,0
Todos os Santos,2022,0,0,9.413094,0
Todos os Santos,2023,0,0,9.413094,0
Todos os Santos,2024,0,0,1.401707,0
Tomás Coelho,2019,6.595944,5.712053,0,3.0527979999999997
Tomás Coelho,2020,2.753635,5.742601,0,6.864558999999999
Tomás Coelho,2021,2.753635,5.742601,0,13.649223
Tomás Coelho,2022,2.387398,4.93014,1.178698,13.649223
Tomás Coelho,2023,2.387398,4.93014,1.178698,13.649223
Tomás Coelho,2024,1.418863,5.898675,1.178698,13.649223
Turiaçú,2019,0,30.567959,0.213701,0
Turiaçú,2020,0,30.544477,0.213701,0
Turiaçú,2021,0,31.407773,0.213701,0
Turiaçú,2022,0,31.407773,0.213701,0
Turiaçú,2023,0,34.536473,0,0
Turiaçú,2024,0,33.782342,0,0
Urca,2019,0,0,0,0
Urca,2020,0,0,0,0
Urca,2021,0,0,0,0
Urca,2022,0,0,0,0
Urca,2023,0,0,0,0
Urca,2024,0,0,0,0
Vargem Grande,2019,0,0,13.931013000000002,0
Vargem Grande,2020,0,0,15.029754999999998,0
Vargem Grande,2021,0,0,16.037934,0
Vargem Grande,2022,0,0,16.630378,0
Vargem Grande,2023,0,0,16.037934,0
Vargem Grande,2024,0,0,16.630378,0
Vargem Pequena,2019,0,0,19.922122,0
Vargem Pequena,2020,0,0,24.46356,0
Vargem Pequena,2021,0,0,24.46356,0
Vargem Pequena,2022,0,0,22.870266,0
Vargem Pequena,2023,0,0,23.287425,0
Vargem Pequena,2024,0,0.002128,17.755058,0
Vasco da Gama,2019,0,12.494865,0,0
Vasco da Gama,2020,0,12.494865,0,0
Vasco da Gama,2021,0,12.494865,0,0
Vasco da Gama,2022,0,12.494865,0,0
Vasco da Gama,2023,0,12.494865,0,0
Vasco da Gama,2024,0,12.494865,0,0
Vaz Lobo,2019,0,2.842154,5.516111,10.651402
Vaz Lobo,2020,0,2.842154,5.516111,10.651402
Vaz Lobo,2021,0,2.842154,5.516111,10.651402
Vaz Lobo,2022,0,2.842154,0.432827,10.651402
Vaz Lobo,2023,0,2.842154,0,10.651402
Vaz Lobo,2024,0,2.842154,5.083284,10.651402
Vicente de Carvalho,2019,0,38.840474,0.004539,0.00732699999999999
Vicente de Carvalho,2020,0,38.840474,0.004539,0.00732699999999999
Vicente de Carvalho,2021,0,38.840474,0.004539,0.00732699999999999
Vicente de Carvalho,2022,0,39.025212,0.004539,0.00732699999999999
Vicente de Carvalho,2023,0,39.025212,0,0.00732699999999999
Vicente de Carvalho,2024,0,39.025212,0,0.00732699999999999
Vidigal,2019,1.5474820000000002,13.778200999999996,0,0
Vidigal,2020,1.5474820000000002,13.778200999999996,0,0
Vidigal,2021,1.5474820000000002,13.778200999999996,0,0
Vidigal,2022,1.5474820000000002,13.778200999999996,0,0
Vidigal,2023,1.5474820000000002,13.778200999999996,0,0
Vidigal,2024,1.5474820000000002,13.778200999999996,0,0
Vigário Geral,2019,0,9.57907,0,4.390241
Vigário Geral,2020,0,9.57907,0.005505,4.390241
Vigário Geral,2021,0,9.57907,0.005505,4.390241
Vigário Geral,2022,0,9.57907,0,4.390241
Vigário Geral,2023,0,9.57907,0,4.390241
Vigário Geral,2024,0,9.57907,0.005505,4.390241
Vila Isabel,2019,8.337424,0,0,0
Vila Isabel,2020,8.337424,0,0,0
Vila Isabel,2021,8.337424,0,0,0
Vila Isabel,2022,8.337424,0,0,0
Vila Isabel,2023,8.337424,0,0,0
Vila Isabel,2024,8.337424,0,0,0
Vila Kosmos,2019,0,45.089883,13.218031,0
Vila Kosmos,2020,0,47.257684,13.218031,0
Vila Kosmos,2021,0,48.10607,13.218031,0
Vila Kosmos,2022,0,61.698837,13.218031,0
Vila Kosmos,2023,0,74.916869,0,0
Vila Kosmos,2024,0,74.916869,0,0
Vila Militar,2019,0,0,3.747227,0
Vila Militar,2020,0,0,3.747227,0
Vila Militar,2021,0,0,3.747227,0
Vila Militar,2022,0,0,3.747227,0
Vila Militar,2023,0,0,3.747227,0
Vila Militar,2024,0,0,3.747227,0
Vila Valqueire,2019,0,0,30.862582,0
Vila Valqueire,2020,0,0,30.862582,0
Vila Valqueire,2021,0,0,30.863482,0
Vila Valqueire,2022,0,0,30.863482,0
Vila Valqueire,2023,0,0,30.862582,0
Vila Valqueire,2024,0,2.913195,2.594591,0
Vila da Penha,2019,0,1.32e-4,2.268852,0
Vila da Penha,2020,0,1.32e-4,4.736562,0
Vila da Penha,2021,0,1.32e-4,2.268852,0
Vila da Penha,2022,0,5.06e-4,5.22661,0
Vila da Penha,2023,0,2.269358,0,0
Vila da Penha,2024,0,2.269358,0,0
Vista Alegre,2019,0,0.346954,0.004245,0
Vista Alegre,2020,0,0.346954,0,0
Vista Alegre,2021,0,0.346954,0,0
Vista Alegre,2022,0,0.346954,0.004245,0
Vista Alegre,2023,0,0.346954,0,0
Vista Alegre,2024,0,0.346954,0,0
Zumbi,2019,0,0,0,0
Zumbi,2020,0,0,0,0
Zumbi,2021,0,0,0,0
Zumbi,2022,0,0,0,0
Zumbi,2023,0,0,0,0
Zumbi,2024,0,0,0,0
Água Santa,2019,0,0.363822,15.337779,0
Água Santa,2020,0,0.363822,4.871131,0
Água Santa,2021,0,0.363822,7.682472,0
Água Santa,2022,0,0.363822,2.853545,0
Água Santa,2023,0,0.363822,2.855308,0
Água Santa,2024,0,0.363822,2.853545,0
