bairro,ips_2022_agua_saneamento,ips_2022_pessoas_vivendo_em_favelas_nao_urbanizadas
Freguesia (Ilha do Governador),95.30617297930183,0.1408
Bancários,97.213146551538,0.4743
Galeão,79.13656602549601,0.0922
Tauá,92.25212429437693,0.0798
Portuguesa,96.90272879153969,0
Moneró,86.00536736354526,0
Vigário Geral,88.27565833556324,0.2709
Cocotá,94.78898520331434,0.0734
Jardim América,97.43735647566734,0.0369
Jardim Carioca,93.385967278292,0.0033
Pavuna,94.48409007622196,0.213
Cordovil,96.4655975065232,0.1744
Jardim Guanabara,99.1307286773496,0.0197
Parada de Lucas,97.669686907697,0.0026
Parque Colúmbia,91.99273071607072,0
Praia da Bandeira,99.54647861725512,0
Penha Circular,98.55275179834382,0.0032
Cacuia,91.71867774121968,0.258
Irajá,97.95801924597951,0.0585
Anchieta,93.99705144426088,0.196
Acari,91.86325152680423,0.029
Pitangueiras,96.97635044371562,0.6062
Costa Barros,94.38404853818244,0.3189
Brás de Pina,97.94479087934889,0.2107
Penha,90.44637442078512,0.0151
Zumbi,98.84789178257395,0
Ribeira,92.5838979384342,0
Coelho Neto,95.50546576583884,0.0291
Guadalupe,95.3054855747894,0.2573
Parque Anchieta,97.49304531175471,0.0335
Barros Filho,91.98180830800582,1
Vista Alegre,99.4605073582275,0
Ricardo de Albuquerque,96.01143444860682,0.0395
Colégio,97.58277960800574,0.012
Honório Gurgel,95.94041483341776,0.1854
Olaria,98.40370203177191,0.301
Vila da Penha,99.3407577906241,0
Maré,93.10007816995042,0.1014
Vila Militar,87.63973191760202,0.0467
Cidade Universitária,43.64534138544525,0
Rocha Miranda,96.56378330266676,0
Ramos,97.88000859352069,0.1611
Realengo,94.09847584312251,0.0787
Vila Kosmos,99.31411554063357,0.1332
Marechal Hermes,93.15055979220809,0.1936
Vicente de Carvalho,98.8875988539541,0
Paciência,86.94026044779638,0.2453
Engenho da Rainha,96.67074821858674,0.1502
Complexo do Alemão,96.721730830482,0.2309
Vaz Lobo,97.35245498452802,0.0269
Padre Miguel,97.8097682100136,0.2662
Bento Ribeiro,97.82869282901017,0.019
Turiaçú,96.20322767819916,0
Bonsucesso,89.55593135310744,0.1151
Inhaúma,96.30961170802834,0.0876
Tomás Coelho,95.445246880302,0.1079
Santíssimo,92.92464977979232,0.1325
Madureira,95.20906150852348,0.0286
Oswaldo Cruz,94.21960263541406,0.0488
Santa Cruz,87.93779616938625,0.0959
Magalhães Bastos,94.31124623390996,0.2211
Senador Camará,94.50317578357314,0.3656
Cavalcanti,96.1215913642796,0.1315
Campo dos Afonsos,99.85008316932634,0
Higienópolis,99.17081528405288,0.1291
Manguinhos,95.197754951703,0.3153
Engenheiro Leal,93.75376412700366,0.3247
Pilares,97.99402826781768,0.0442
Del Castilho,98.45569740173346,0.0461
Piedade,96.1341395976133,0.1571
Cascadura,93.16794705909751,0.1115
Vila Valqueire,95.6654015922961,0.0314
Maria da Graça,95.48543719827134,0
Quintino Bocaiúva,94.81456678279804,0.0604
Jardim Sulacap,92.89696202897998,0.0073
Campinho,92.6262434216586,0.1543
Abolição,99.31000426227968,0
Senador Vasconcelos,90.53095400898609,0.0698
Cosmos,91.19513940263523,0.0284
Jacarezinho,94.83355715007636,0.8848
Cachambi,96.61127882191388,0.0161
Praça Seca,88.70324690340546,0.2739
Benfica,60.50718152089958,0.0185
Engenho de Dentro,89.99227629970063,0.0395
São Cristóvão,57.89143901859355,0.1409
Vasco da Gama,89.74669840766651,0.0754
Inhoaíba,92.5501126014028,0.2742
Todos os Santos,98.84517254757203,0
Jacaré,77.10187690927957,0.188
Encantado,96.91870963147268,0.0328
Rocha,97.71483665542212,0
Méier,98.5446910743913,0
Gamboa,85.20981391185724,0.0198
Santo Cristo,89.44428649171611,0.0434
Centro,91.09953516724195,0.0026
Sampaio,88.74906195321756,0.1203
Riachuelo,94.41117449030747,0
Saúde,88.11206196012175,0
São Francisco Xavier,86.84432628141752,0.3373
Engenho Novo,98.0122801676648,0.2578
Mangueira,91.1570446023513,0
Tanque,92.04672988586454,0.232
Taquara,91.09484355022076,0.1467
Água Santa,37.49582736829227,0.1771
Lins de Vasconcelos,89.67750571851589,0.3889
Freguesia (Jacarepaguá),87.77320656485811,0.0943
Cidade Nova,71.36674134753052,0
Praça da Bandeira,92.54400767055236,0
Vila Isabel,97.50743963293849,0.2218
Maracanã,98.08264495722835,0
Glória,95.93130914166564,0
Rio Comprido,88.92207701323271,0.1515
Santa Teresa,90.32295759594544,0.2143
Estácio,86.0789424882081,0.0156
Tijuca,95.30517419315966,0.0101
Catumbi,94.16137926458174,0
Grajaú,94.87388879676134,0
Pechincha,94.45669861830754,0.0605
Andaraí,95.99841478642549,0.0096
Catete,96.86269041439444,0.09
Flamengo,98.97373372276572,0
Laranjeiras,97.75741964717533,0
Guaratiba,71.25033287665525,0.2464
Vargem Grande,37.07904276080493,0.414
Alto da Boa Vista,47.35488084341408,0.0855
Cosme Velho,96.3485224745106,0.021
Curicica,91.1664274503524,0.1542
Botafogo,97.66361971832264,0.0203
Urca,76.15447114971148,0
Cidade de Deus,97.19846015496498,0.1223
Sepetiba,82.19716329921913,0.0394
Anil,89.58254436079804,0.3418
Jacarepaguá,76.24465609952325,0.5451
Camorim,47.69081811802734,0.5873
Humaitá,99.64777157966464,0
Gardênia Azul,90.0670561872985,0.4298
Jardim Botânico,96.30822258321136,0.053900000000000003
Vargem Pequena,69.50189611617661,0.1236
Copacabana,98.60510524222065,0.019
Leme,99.25262739264636,0
Lagoa,96.914049208767,0
Itanhangá,66.81751645963149,0.4538
Gávea,98.92775953524578,0.1202
Barra da Tijuca,94.87865114349452,0.0134
Leblon,98.9640464003092,0
Ipanema,98.5970540329076,0
São Conrado,98.35186592182885,0.0879
Rocinha,91.27593479413088,0.9999
Pedra de Guaratiba,75.53345664453734,0
Recreio dos Bandeirantes,82.69146951917168,0.2365
Vidigal,97.4721000202422,0.0542
Joá,75.13777320239024,0
Barra de Guaratiba,66.67906723629739,0.1764
Grumari,24.70161804015567,0
Caju,90.91772220405798,0.0587
Deodoro,96.2238733640488,0.1585
Campo Grande,90.24639730227165,0.0466
Bangu,95.90332583268912,0.1153
Gericinó,95.90332583268912,0.1153
