bairro;ano;n_mvi;bairro_id;periodo;pct_area_dominacao_ada;pct_area_dominacao_cv;pct_area_dominacao_milicia;pct_area_dominacao_tcp;ips_2022_agua_saneamento;ips_2022_pessoas_vivendo_em_favelas_nao_urbanizadas;censo_2010_populacao_total;censo_2010_rendimento_domiciliar_medio_brl;fc_total_tiroteios;fc_acao_policial
Freguesia (Ilha do Governador);2019;3;1;1;0,0;0,0;0,0;5,664743;95,30617297930183;0,1408;19437;2801,22;6;1
Freguesia (Ilha do Governador);2020;0;1;2;0,0;0,0;0,0;5,664743;95,30617297930183;0,1408;19437;2801,22;2;0
Freguesia (Ilha do Governador);2021;0;1;3;0,0;0,0;0,0;5,664743;95,30617297930183;0,1408;19437;2801,22;2;0
Freguesia (Ilha do Governador);2022;0;1;4;0,0;0,0;0,0;3,977742;95,30617297930183;0,1408;19437;2801,22;2;1
Freguesia (Ilha do Governador);2023;1;1;5;0,0;0,0;0,0;5,664743;95,30617297930183;0,1408;19437;2801,22;1;0
Freguesia (Ilha do Governador);2024;1;1;6;0,0;0,0;0,0;5,664743;95,30617297930183;0,1408;19437;2801,22;1;0
Bancários;2019;0;2;1;5,881197;0,0;0,082233;9,416774;97,213146551538;0,4743;12512;2481,54;1;0
Bancários;2020;0;2;2;5,881197;0,0;0,082233;9,416774;97,213146551538;0,4743;12512;2481,54;5;1
Bancários;2021;0;2;3;5,881197;0,0;0,082233;9,416774;97,213146551538;0,4743;12512;2481,54;7;3
Bancários;2022;0;2;4;5,881197;0,0;0,082233;9,406142;97,213146551538;0,4743;12512;2481,54;3;1
Bancários;2023;0;2;5;5,881197;0,0;0,082233;9,416774;97,213146551538;0,4743;12512;2481,54;0;0
Bancários;2024;1;2;6;5,881197;0,0;0,082233;9,416774;97,213146551538;0,4743;12512;2481,54;1;1
Galeão;2019;8;3;1;0,0;1,801417;0,0;0,618446;79,13656602549601;0,0922;22971;2269,73;18;7
Galeão;2020;2;3;2;0,0;1,801417;0,0;0,618446;79,13656602549601;0,0922;22971;2269,73;10;3
Galeão;2021;9;3;3;0,0;1,801417;0,0;0,618446;79,13656602549601;0,0922;22971;2269,73;6;1
Galeão;2022;3;3;4;0,0;1,801417;0,0;0,618446;79,13656602549601;0,0922;22971;2269,73;27;16
Galeão;2023;0;3;5;0,0;1,801417;0,0;0,618446;79,13656602549601;0,0922;22971;2269,73;2;1
Galeão;2024;2;3;6;0,0;1,801417;0,0;0,618446;79,13656602549601;0,0922;22971;2269,73;10;5
Tauá;2019;7;4;1;0,005589;0,0;2,993182;14,619782;92,25212429437693;0,0798;29567;2310,23;0;0
Tauá;2020;2;4;2;0,005589;0,0;2,993182;14,619782;92,25212429437693;0,0798;29567;2310,23;1;1
Tauá;2021;1;4;3;0,005589;0,0;2,993182;14,619782;92,25212429437693;0,0798;29567;2310,23;1;0
Tauá;2022;1;4;4;0,005589;0,0;10,460134;7,15283;92,25212429437693;0,0798;29567;2310,23;4;0
Tauá;2023;1;4;5;0,005589;0,0;10,375221;7,15283;92,25212429437693;0,0798;29567;2310,23;6;2
Tauá;2024;3;4;6;0,005589;0,0;2,9082680000000005;14,619782;92,25212429437693;0,0798;29567;2310,23;6;2
Portuguesa;2019;1;5;1;0,0;0,0;0,0;16,014952;96,90272879153969;0,0;23856;3567,57;4;2
Portuguesa;2020;0;5;2;0,0;0,0;0,0;16,014952;96,90272879153969;0,0;23856;3567,57;3;0
Portuguesa;2021;6;5;3;0,0;0,0;0,0;16,014952;96,90272879153969;0,0;23856;3567,57;1;0
Portuguesa;2022;7;5;4;0,0;0,0;0,0;16,014952;96,90272879153969;0,0;23856;3567,57;2;1
Portuguesa;2023;3;5;5;0,0;0,0;0,0;16,014952;96,90272879153969;0,0;23856;3567,57;1;1
Portuguesa;2024;2;5;6;0,0;0,0;0,0;16,014952;96,90272879153969;0,0;23856;3567,57;0;0
Moneró;2019;1;6;1;0,0;0,0;0,0;0,0;86,00536736354526;0,0;6476;5068,63;1;0
Moneró;2020;0;6;2;0,0;0,0;0,0;0,0;86,00536736354526;0,0;6476;5068,63;0;0
Moneró;2021;0;6;3;0,0;0,0;0,0;0,0;86,00536736354526;0,0;6476;5068,63;0;0
Moneró;2022;0;6;4;0,0;0,0;0,0;0,0;86,00536736354526;0,0;6476;5068,63;0;0
Moneró;2023;1;6;5;0,0;0,0;0,0;0,0;86,00536736354526;0,0;6476;5068,63;0;0
Moneró;2024;1;6;6;0,0;0,0;0,0;0,0;86,00536736354526;0,0;6476;5068,63;0;0
Vigário Geral;2019;9;7;1;0,0;9,57907;0,0;4,390241;88,27565833556324;0,2709;41820;1420,75;21;6
Vigário Geral;2020;9;7;2;0,0;9,57907;0,005505;4,390241;88,27565833556324;0,2709;41820;1420,75;17;5
Vigário Geral;2021;7;7;3;0,0;9,57907;0,005505;4,390241;88,27565833556324;0,2709;41820;1420,75;16;7
Vigário Geral;2022;6;7;4;0,0;9,57907;0,0;4,390241;88,27565833556324;0,2709;41820;1420,75;23;11
Vigário Geral;2023;7;7;5;0,0;9,57907;0,0;4,390241;88,27565833556324;0,2709;41820;1420,75;17;7
Vigário Geral;2024;3;7;6;0,0;9,57907;0,005505;4,390241;88,27565833556324;0,2709;41820;1420,75;8;6
Cocotá;2019;0;8;1;0,0;0,0;51,359054;0,02409;94,78898520331434;0,0734;4877;3698,42;4;0
Cocotá;2020;3;8;2;0,0;0,0;51,359054;0,02409;94,78898520331434;0,0734;4877;3698,42;0;0
Cocotá;2021;0;8;3;0,0;0,0;51,359054;0,02409;94,78898520331434;0,0734;4877;3698,42;3;0
Cocotá;2022;1;8;4;0,0;0,0;51,383145000000006;0,0;94,78898520331434;0,0734;4877;3698,42;0;0
Cocotá;2023;0;8;5;0,0;0,0;0,02409;0,0;94,78898520331434;0,0734;4877;3698,42;1;1
Cocotá;2024;2;8;6;0,0;0,0;0,0;0,02409;94,78898520331434;0,0734;4877;3698,42;0;0
Jardim América;2019;9;9;1;0,0;10,503352;0,0;0,0;97,43735647566734;0,0369;25226;1996,71;12;2
Jardim América;2020;6;9;2;0,0;10,503352;0,0;0,0;97,43735647566734;0,0369;25226;1996,71;10;1
Jardim América;2021;8;9;3;0,0;10,503352;0,0;0,0;97,43735647566734;0,0369;25226;1996,71;13;6
Jardim América;2022;7;9;4;0,0;10,503352;0,0;0,0;97,43735647566734;0,0369;25226;1996,71;8;2
Jardim América;2023;1;9;5;0,0;10,503352;0,0;0,0;97,43735647566734;0,0369;25226;1996,71;7;6
Jardim América;2024;0;9;6;0,0;10,503352;0,0;0,0;97,43735647566734;0,0369;25226;1996,71;3;1
Jardim Carioca;2019;8;10;1;0,0;0,0;1,40735;7,831858;93,385967278292;0,0033;24848;2679,69;14;8
Jardim Carioca;2020;1;10;2;0,0;0,0;1,40735;7,831858;93,385967278292;0,0033;24848;2679,69;13;6
Jardim Carioca;2021;1;10;3;0,0;0,0;1,40735;7,831858;93,385967278292;0,0033;24848;2679,69;10;1
Jardim Carioca;2022;0;10;4;0,0;0,0;1,414739;7,824469;93,385967278292;0,0033;24848;2679,69;13;3
Jardim Carioca;2023;0;10;5;0,0;0,0;0,007389;7,824469;93,385967278292;0,0033;24848;2679,69;6;2
Jardim Carioca;2024;1;10;6;0,0;0,0;0,0;16,361587;93,385967278292;0,0033;24848;2679,69;2;0
Pavuna;2019;55;11;1;1,973092;19,155305;17,097983;9,846172;94,48409007622196;0,213;97350;1698,29;74;18
Pavuna;2020;31;11;2;1,203149;19,155305;17,097983;10,615944;94,48409007622196;0,213;97350;1698,29;37;11
Pavuna;2021;37;11;3;0,923608;19,202078;14,455246;10,848711;94,48409007622196;0,213;97350;1698,29;36;14
Pavuna;2022;24;11;4;0,899135;19,202078;17,097983;10,873356;94,48409007622196;0,213;97350;1698,29;30;9
Pavuna;2023;29;11;5;0,899135;17,375916;13,070656;10,873356;94,48409007622196;0,213;97350;1698,29;17;7
Pavuna;2024;25;11;6;0,899135;19,202078;9,989285;10,873356;94,48409007622196;0,213;97350;1698,29;14;6
Cordovil;2019;15;12;1;0,0;8,777836000000002;6,840960000000001;12,145582;96,4655975065232;0,1744;45202;1689,59;33;6
Cordovil;2020;15;12;2;0,0;8,520752;24,845859999999995;17,158297;96,4655975065232;0,1744;45202;1689,59;55;8
Cordovil;2021;6;12;3;0,0;5,80361;24,845859999999995;19,875439;96,4655975065232;0,1744;45202;1689,59;38;6
Cordovil;2022;11;12;4;0,0;0,66827;7,33333;25,213812;96,4655975065232;0,1744;45202;1689,59;55;10
Cordovil;2023;7;12;5;0,0;3,825559;0,0;25,282796;96,4655975065232;0,1744;45202;1689,59;19;10
Cordovil;2024;15;12;6;0,0;5,223915999999999;14,967128;25,226642;96,4655975065232;0,1744;45202;1689,59;35;19
Jardim Guanabara;2019;7;13;1;0,0;0,0;0,0;0,4148740000000001;99,1307286773496;0,0197;32213;6575,54;0;0
Jardim Guanabara;2020;2;13;2;0,0;0,0;0,0;0,4148740000000001;99,1307286773496;0,0197;32213;6575,54;0;0
Jardim Guanabara;2021;1;13;3;0,0;0,0;0,0;0,4148740000000001;99,1307286773496;0,0197;32213;6575,54;1;0
Jardim Guanabara;2022;1;13;4;0,0;0,0;0,0;0,4148740000000001;99,1307286773496;0,0197;32213;6575,54;1;0
Jardim Guanabara;2023;2;13;5;0,0;0,0;0,0;0,4148740000000001;99,1307286773496;0,0197;32213;6575,54;0;0
Jardim Guanabara;2024;6;13;6;0,0;0,0;0,0;0,4148740000000001;99,1307286773496;0,0197;32213;6575,54;2;1
Parada de Lucas;2019;11;14;1;0,0;0,003018;0,893862;29,024909;97,669686907697;0,0026;23923;1411,97;14;5
Parada de Lucas;2020;8;14;2;0,0;0,003018;13,166638;32,156384;97,669686907697;0,0026;23923;1411,97;11;4
Parada de Lucas;2021;8;14;3;0,0;0,003018;13,166638;32,156384;97,669686907697;0,0026;23923;1411,97;9;3
Parada de Lucas;2022;4;14;4;0,0;0,0;0,881609;32,159400999999995;97,669686907697;0,0026;23923;1411,97;12;3
Parada de Lucas;2023;5;14;5;0,0;0,0;0,881609;32,159400999999995;97,669686907697;0,0026;23923;1411,97;4;3
Parada de Lucas;2024;3;14;6;0,0;0,0;13,166638;32,159400999999995;97,669686907697;0,0026;23923;1411,97;7;4
Parque Colúmbia;2019;0;15;1;1,350443;0,0;0,003745;7,396434;91,99273071607072;0,0;9202;1663,36;3;1
Parque Colúmbia;2020;2;15;2;1,350443;0,0;0,003745;7,396434;91,99273071607072;0,0;9202;1663,36;1;0
Parque Colúmbia;2021;0;15;3;1,350443;0,0;0,003745;7,396434;91,99273071607072;0,0;9202;1663,36;0;0
Parque Colúmbia;2022;2;15;4;1,350443;0,0;0,003745;7,396434;91,99273071607072;0,0;9202;1663,36;1;0
Parque Colúmbia;2023;0;15;5;1,350443;0,0;0,003745;7,396434;91,99273071607072;0,0;9202;1663,36;1;0
Parque Colúmbia;2024;0;15;6;1,350443;0,0;0,003745;7,396434;91,99273071607072;0,0;9202;1663,36;1;1
Praia da Bandeira;2019;0;16;1;0,0;0,0;57,563909;0,0;99,54647861725512;0,0;5948;3574,74;0;0
Praia da Bandeira;2020;0;16;2;0,0;0,0;57,563909;0,0;99,54647861725512;0,0;5948;3574,74;0;0
Praia da Bandeira;2021;0;16;3;0,0;0,0;57,563909;0,0;99,54647861725512;0,0;5948;3574,74;0;0
Praia da Bandeira;2022;0;16;4;0,0;0,0;57,563909;0,0;99,54647861725512;0,0;5948;3574,74;1;0
Praia da Bandeira;2023;0;16;5;0,0;0,0;14,867831;0,0;99,54647861725512;0,0;5948;3574,74;0;0
Praia da Bandeira;2024;0;16;6;0,0;0,0;14,867831;0,0;99,54647861725512;0,0;5948;3574,74;1;0
Penha Circular;2019;18;17;1;0,0;14,891686;1,877668;0,093087;98,55275179834382;0,0032;47816;2412,71;73;10
Penha Circular;2020;11;17;2;0,0;14,159399;3,555103;0,21779;98,55275179834382;0,0032;47816;2412,71;33;6
Penha Circular;2021;10;17;3;0,0;15,049544;3,555103;0,21779;98,55275179834382;0,0032;47816;2412,71;22;11
Penha Circular;2022;29;17;4;0,0;15,900563999999997;3,492252;0,21779;98,55275179834382;0,0032;47816;2412,71;23;6
Penha Circular;2023;16;17;5;0,0;17,894461;3,530908;0,21779;98,55275179834382;0,0032;47816;2412,71;12;9
Penha Circular;2024;12;17;6;0,0;17,897164;3,431032;0,317666;98,55275179834382;0,0032;47816;2412,71;9;2
Cacuia;2019;1;18;1;0,0;0,0;3,9560270000000006;0,0;91,71867774121968;0,258;11013;2453,73;1;0
Cacuia;2020;1;18;2;0,0;0,0;3,9560270000000006;0,0;91,71867774121968;0,258;11013;2453,73;2;0
Cacuia;2021;0;18;3;0,0;0,0;3,9560270000000006;0,0;91,71867774121968;0,258;11013;2453,73;1;0
Cacuia;2022;2;18;4;0,0;0,0;3,9560270000000006;0,0;91,71867774121968;0,258;11013;2453,73;0;0
Cacuia;2023;1;18;5;0,0;0,0;3,953221;0,0;91,71867774121968;0,258;11013;2453,73;0;0
Cacuia;2024;1;18;6;0,0;0,0;3,953221;0,0;91,71867774121968;0,258;11013;2453,73;0;0
Irajá;2019;18;19;1;0,0;1,978233;9,291222;0,289673;97,95801924597951;0,0585;96382;2680,85;24;3
Irajá;2020;9;19;2;0,0;1,978233;8,243617;0,289673;97,95801924597951;0,0585;96382;2680,85;16;1
Irajá;2021;23;19;3;0,0;1,978233;9,611842;0,289673;97,95801924597951;0,0585;96382;2680,85;19;3
Irajá;2022;19;19;4;0,0;1,978233;11,051624;0,289673;97,95801924597951;0,0585;96382;2680,85;20;5
Irajá;2023;28;19;5;0,0;1,978233;7,602351;0,289673;97,95801924597951;0,0585;96382;2680,85;19;6
Irajá;2024;9;19;6;0,0;1,978233;7,604199;0,289673;97,95801924597951;0,0585;96382;2680,85;12;3
Anchieta;2019;26;20;1;0,0;38,555936;10,533285;3,391907;93,99705144426088;0,196;55652;1799,64;61;17
Anchieta;2020;36;20;2;0,0;39,505191;2,620597;3,391907;93,99705144426088;0,196;55652;1799,64;59;15
Anchieta;2021;19;20;3;0,0;39,270315;8,379591999999999;3,391907;93,99705144426088;0,196;55652;1799,64;56;17
Anchieta;2022;21;20;4;0,0;39,505191;6,181273;3,391907;93,99705144426088;0,196;55652;1799,64;33;5
Anchieta;2023;10;20;5;0,0;39,54979;0,517369;0,0;93,99705144426088;0,196;55652;1799,64;36;6
Anchieta;2024;9;20;6;0,0;42,978859;2,010273;0,0;93,99705144426088;0,196;55652;1799,64;13;7
Acari;2019;11;21;1;0,0;0,0;0,859834;42,15639899999999;91,86325152680423;0,029;27347;1071,9;34;14
Acari;2020;17;21;2;0,0;0,0;7,153046;42,15639899999999;91,86325152680423;0,029;27347;1071,9;39;30
Acari;2021;4;21;3;0,0;0,0;0,9037779999999999;48,405666000000004;91,86325152680423;0,029;27347;1071,9;11;2
Acari;2022;3;21;4;0,0;0,0;0,859834;48,405666000000004;91,86325152680423;0,029;27347;1071,9;8;3
Acari;2023;1;21;5;0,0;0,0;7,109101;42,15639899999999;91,86325152680423;0,029;27347;1071,9;4;1
Acari;2024;2;21;6;0,0;0,0;0,859834;48,405666000000004;91,86325152680423;0,029;27347;1071,9;6;5
Pitangueiras;2019;3;22;1;0,0;0,0;19,432851;0,0;96,97635044371562;0,6062;11756;2203,75;2;1
Pitangueiras;2020;1;22;2;0,0;0,0;19,432851;0,0;96,97635044371562;0,6062;11756;2203,75;4;0
Pitangueiras;2021;0;22;3;0,0;0,0;19,432851;0,0;96,97635044371562;0,6062;11756;2203,75;4;0
Pitangueiras;2022;4;22;4;0,0;0,0;19,432851;0,0;96,97635044371562;0,6062;11756;2203,75;2;0
Pitangueiras;2023;0;22;5;0,0;0,0;19,432851;0,0;96,97635044371562;0,6062;11756;2203,75;1;0
Pitangueiras;2024;0;22;6;0,0;0,0;19,432851;0,0;96,97635044371562;0,6062;11756;2203,75;1;1
Costa Barros;2019;35;23;1;27,743502;29,602429;0,0;0,050542;94,38404853818244;0,3189;28442;1147,85;97;30
Costa Barros;2020;33;23;2;25,436121;29,602429;0,0;0,050542;94,38404853818244;0,3189;28442;1147,85;54;21
Costa Barros;2021;18;23;3;21,773449;32,724577;0,00072;0,591068;94,38404853818244;0,3189;28442;1147,85;66;23
Costa Barros;2022;22;23;4;6,323088;32,724577;2,8521;18,348809;94,38404853818244;0,3189;28442;1147,85;35;19
Costa Barros;2023;25;23;5;6,323088;32,724577;0,00072;18,348809;94,38404853818244;0,3189;28442;1147,85;40;17
Costa Barros;2024;30;23;6;6,323088;32,724577;2,8521;18,348809;94,38404853818244;0,3189;28442;1147,85;51;17
Brás de Pina;2019;10;24;1;0,0;5,519321;40,911125;20,588258;97,94479087934889;0,2107;59222;2262,74;36;6
Brás de Pina;2020;24;24;2;0,0;5,519321;51,515961;22,145821;97,94479087934889;0,2107;59222;2262,74;30;3
Brás de Pina;2021;17;24;3;0,0;5,519321;50,566766;22,145821;97,94479087934889;0,2107;59222;2262,74;44;8
Brás de Pina;2022;25;24;4;0,0;6,384555;44,906961;23,446025000000002;97,94479087934889;0,2107;59222;2262,74;62;22
Brás de Pina;2023;11;24;5;0,0;5,197894;18,872245;32,987215;97,94479087934889;0,2107;59222;2262,74;50;14
Brás de Pina;2024;19;24;6;0,0;38,182555;10,027296;32,898662;97,94479087934889;0,2107;59222;2262,74;79;18
Penha;2019;37;25;1;0,0;20,575438;0,917077;0,0;90,44637442078512;0,0151;78678;2132,23;79;34
Penha;2020;26;25;2;0,0;20,575894;0,322367;0,0;90,44637442078512;0,0151;78678;2132,23;54;11
Penha;2021;22;25;3;0,0;20,569237;0,322367;0,0;90,44637442078512;0,0151;78678;2132,23;45;16
Penha;2022;54;25;4;0,0;20,569237;0,322367;0,0;90,44637442078512;0,0151;78678;2132,23;35;17
Penha;2023;32;25;5;0,0;20,568975;0,304751;0,0;90,44637442078512;0,0151;78678;2132,23;36;25
Penha;2024;34;25;6;0,0;20,015147;0,304751;0,0;90,44637442078512;0,0151;78678;2132,23;37;22
Zumbi;2019;0;26;1;0,0;0,0;0,0;0,0;98,84789178257395;0,0;2016;4561,07;0;0
Zumbi;2020;1;26;2;0,0;0,0;0,0;0,0;98,84789178257395;0,0;2016;4561,07;0;0
Zumbi;2021;1;26;3;0,0;0,0;0,0;0,0;98,84789178257395;0,0;2016;4561,07;0;0
Zumbi;2022;0;26;4;0,0;0,0;0,0;0,0;98,84789178257395;0,0;2016;4561,07;0;0
Zumbi;2023;1;26;5;0,0;0,0;0,0;0,0;98,84789178257395;0,0;2016;4561,07;0;0
Zumbi;2024;0;26;6;0,0;0,0;0,0;0,0;98,84789178257395;0,0;2016;4561,07;0;0
Ribeira;2019;0;27;1;0,0;0,0;0,0;0,0;92,5838979384342;0,0;3528;4591,59;0;0
Ribeira;2020;0;27;2;0,0;0,0;0,0;0,0;92,5838979384342;0,0;3528;4591,59;0;0
Ribeira;2021;0;27;3;0,0;0,0;0,0;0,0;92,5838979384342;0,0;3528;4591,59;0;0
Ribeira;2022;0;27;4;0,0;0,0;0,0;0,0;92,5838979384342;0,0;3528;4591,59;1;0
Ribeira;2023;0;27;5;0,0;0,0;0,0;0,0;92,5838979384342;0,0;3528;4591,59;0;0
Ribeira;2024;0;27;6;0,0;0,0;0,0;0,0;92,5838979384342;0,0;3528;4591,59;0;0
Coelho Neto;2019;13;28;1;6,592016;3,5135410000000005;0,0;0,23778800000000003;95,50546576583884;0,0291;32423;1714,36;20;7
Coelho Neto;2020;6;28;2;0,164123;3,5135410000000005;6,978602;6,665681;95,50546576583884;0,0291;32423;1714,36;8;3
Coelho Neto;2021;13;28;3;0,0;3,677664;6,750593;6,89369;95,50546576583884;0,0291;32423;1714,36;10;2
Coelho Neto;2022;17;28;4;0,0;3,677664;0,0;6,89369;95,50546576583884;0,0291;32423;1714,36;19;12
Coelho Neto;2023;9;28;5;0,0;3,677664;4,969205;6,665681;95,50546576583884;0,0291;32423;1714,36;10;3
Coelho Neto;2024;12;28;6;0,0;3,677664;0,0;6,89369;95,50546576583884;0,0291;32423;1714,36;14;7
Guadalupe;2019;25;29;1;0,0;14,887992;17,348147;0,040921000000000006;95,3054855747894;0,2573;47144;1965,56;76;14
Guadalupe;2020;17;29;2;0,0;14,83308;15,760948;0,095834;95,3054855747894;0,2573;47144;1965,56;32;11
Guadalupe;2021;30;29;3;0,0;14,83308;27,081969;1,517392;95,3054855747894;0,2573;47144;1965,56;40;11
Guadalupe;2022;13;29;4;0,0;14,299805;27,565442;2,050666;95,3054855747894;0,2573;47144;1965,56;33;14
Guadalupe;2023;14;29;5;0,0;16,456188;27,378704;2,050666;95,3054855747894;0,2573;47144;1965,56;29;9
Guadalupe;2024;14;29;6;0,0;16,849086;25,855473;2,050666;95,3054855747894;0,2573;47144;1965,56;21;9
Parque Anchieta;2019;1;30;1;0,0;0,878444;2,743301;0,001286;97,49304531175471;0,0335;26212;2181,37;4;0
Parque Anchieta;2020;7;30;2;0,0;0,878444;7,93495;0,001286;97,49304531175471;0,0335;26212;2181,37;6;0
Parque Anchieta;2021;4;30;3;0,0;0,878444;5,19165;0,001286;97,49304531175471;0,0335;26212;2181,37;2;0
Parque Anchieta;2022;2;30;4;0,0;0,878444;5,199096;0,001286;97,49304531175471;0,0335;26212;2181,37;1;0
Parque Anchieta;2023;0;30;5;0,0;5,770726;0,0;0,0;97,49304531175471;0,0335;26212;2181,37;2;0
Parque Anchieta;2024;0;30;6;0,0;5,770726;2,641648;0,0;97,49304531175471;0,0335;26212;2181,37;0;0
Barros Filho;2019;20;31;1;40,735873;4,575207;0,0;0,0;91,98180830800582;1,0;14049;1115,5;19;8
Barros Filho;2020;10;31;2;40,735873;4,575207;0,0;0,0;91,98180830800582;1,0;14049;1115,5;9;4
Barros Filho;2021;11;31;3;6,305026;22,29542;0,080199;16,710634;91,98180830800582;1,0;14049;1115,5;11;2
Barros Filho;2022;12;31;4;0,315293;22,29542;0,37656800000000007;16,710634;91,98180830800582;1,0;14049;1115,5;7;5
Barros Filho;2023;7;31;5;0,315293;22,29542;0,197848;16,710634;91,98180830800582;1,0;14049;1115,5;17;4
Barros Filho;2024;12;31;6;0,315293;22,29542;0,37656800000000007;16,710634;91,98180830800582;1,0;14049;1115,5;12;2
Vista Alegre;2019;2;32;1;0,0;0,346954;0,004245;0,0;99,4605073582275;0,0;8622;3132,26;6;0
Vista Alegre;2020;0;32;2;0,0;0,346954;0,0;0,0;99,4605073582275;0,0;8622;3132,26;1;0
Vista Alegre;2021;1;32;3;0,0;0,346954;0,0;0,0;99,4605073582275;0,0;8622;3132,26;5;0
Vista Alegre;2022;1;32;4;0,0;0,346954;0,004245;0,0;99,4605073582275;0,0;8622;3132,26;2;0
Vista Alegre;2023;0;32;5;0,0;0,346954;0,0;0,0;99,4605073582275;0,0;8622;3132,26;1;0
Vista Alegre;2024;0;32;6;0,0;0,346954;0,0;0,0;99,4605073582275;0,0;8622;3132,26;2;0
Ricardo de Albuquerque;2019;11;33;1;0,0;16,073935;8,127817;0,0;96,01143444860682;0,0395;29310;1696,72;17;2
Ricardo de Albuquerque;2020;17;33;2;0,0;16,073935;2,0153;0,0;96,01143444860682;0,0395;29310;1696,72;16;8
Ricardo de Albuquerque;2021;13;33;3;0,0;16,073935;3,498506;0,0;96,01143444860682;0,0395;29310;1696,72;6;3
Ricardo de Albuquerque;2022;6;33;4;0,0;16,073935;0,0;0,0;96,01143444860682;0,0395;29310;1696,72;4;1
Ricardo de Albuquerque;2023;4;33;5;0,0;30,44;0,000493;0,0;96,01143444860682;0,0395;29310;1696,72;7;2
Ricardo de Albuquerque;2024;4;33;6;0,0;30,44;0,0;0,0;96,01143444860682;0,0395;29310;1696,72;2;2
Colégio;2019;7;34;1;0,0;2,073185;0,0;20,722096;97,58277960800574;0,012;29245;1692,37;16;6
Colégio;2020;5;34;2;0,0;2,073185;0,005682;20,722096;97,58277960800574;0,012;29245;1692,37;21;6
Colégio;2021;6;34;3;0,0;2,073185;0,005682;20,722096;97,58277960800574;0,012;29245;1692,37;6;1
Colégio;2022;12;34;4;0,0;2,073185;0,0;20,722096;97,58277960800574;0,012;29245;1692,37;11;1
Colégio;2023;7;34;5;0,0;2,073185;0,005682;20,722096;97,58277960800574;0,012;29245;1692,37;12;5
Colégio;2024;18;34;6;0,0;2,073185;0,0;20,722096;97,58277960800574;0,012;29245;1692,37;7;5
Honório Gurgel;2019;13;35;1;0,19844;11,480374;3,993394;0,0;95,94041483341776;0,1854;21989;1815,78;19;7
Honório Gurgel;2020;5;35;2;0,19844;11,480374;17,717637;0,0;95,94041483341776;0,1854;21989;1815,78;1;1
Honório Gurgel;2021;5;35;3;0,0;11,480374;17,717637;0,19844;95,94041483341776;0,1854;21989;1815,78;10;0
Honório Gurgel;2022;4;35;4;0,0;11,480374;17,714248;0,19844;95,94041483341776;0,1854;21989;1815,78;6;1
Honório Gurgel;2023;1;35;5;0,0;11,480374;17,717637;0,19844;95,94041483341776;0,1854;21989;1815,78;2;1
Honório Gurgel;2024;3;35;6;0,0;11,480374;3,319702;0,19844;95,94041483341776;0,1854;21989;1815,78;3;0
Olaria;2019;7;36;1;0,0;20,226012;6,696107;0,0;98,40370203177191;0,301;57514;2550,34;65;13
Olaria;2020;8;36;2;0,0;20,226012;6,696107;0,0;98,40370203177191;0,301;57514;2550,34;27;6
Olaria;2021;5;36;3;0,0;20,226012;6,696107;0,0;98,40370203177191;0,301;57514;2550,34;25;10
Olaria;2022;1;36;4;0,0;20,226012;3,092634;0,0;98,40370203177191;0,301;57514;2550,34;12;3
Olaria;2023;3;36;5;0,0;17,305785;0,170873;0,0;98,40370203177191;0,301;57514;2550,34;8;3
Olaria;2024;1;36;6;0,0;17,731004;0,170873;0,0;98,40370203177191;0,301;57514;2550,34;4;3
Vila da Penha;2019;1;37;1;0,0;0,000132;2,268852;0,0;99,3407577906241;0,0;25465;3876,96;8;0
Vila da Penha;2020;1;37;2;0,0;0,000132;4,736562;0,0;99,3407577906241;0,0;25465;3876,96;7;0
Vila da Penha;2021;3;37;3;0,0;0,000132;2,268852;0,0;99,3407577906241;0,0;25465;3876,96;8;1
Vila da Penha;2022;1;37;4;0,0;0,000506;5,22661;0,0;99,3407577906241;0,0;25465;3876,96;9;4
Vila da Penha;2023;3;37;5;0,0;2,269358;0,0;0,0;99,3407577906241;0,0;25465;3876,96;4;1
Vila da Penha;2024;9;37;6;0,0;2,269358;0,0;0,0;99,3407577906241;0,0;25465;3876,96;11;3
Maré;2019;24;38;1;0,0;22,306542;18,107811;29,127954;93,10007816995042;0,1014;129770;1228,56;112;48
Maré;2020;13;38;2;0,0;22,306542;26,321495;29,127954;93,10007816995042;0,1014;129770;1228,56;65;23
Maré;2021;11;38;3;0,0;22,306542;24,438545;29,127954;93,10007816995042;0,1014;129770;1228,56;52;18
Maré;2022;24;38;4;0,0;21,089575;26,301025;30,34492;93,10007816995042;0,1014;129770;1228,56;67;26
Maré;2023;9;38;5;0,0;21,089575;20,007883;30,34492;93,10007816995042;0,1014;129770;1228,56;49;38
Maré;2024;12;38;6;0,0;21,089575;21,890833;30,34492;93,10007816995042;0,1014;129770;1228,56;69;48
Vila Militar;2019;2;39;1;0,0;0,0;3,747227;0,0;87,63973191760202;0,0467;13184;2805,79;1;1
Vila Militar;2020;1;39;2;0,0;0,0;3,747227;0,0;87,63973191760202;0,0467;13184;2805,79;2;1
Vila Militar;2021;1;39;3;0,0;0,0;3,747227;0,0;87,63973191760202;0,0467;13184;2805,79;1;0
Vila Militar;2022;1;39;4;0,0;0,0;3,747227;0,0;87,63973191760202;0,0467;13184;2805,79;1;1
Vila Militar;2023;1;39;5;0,0;0,0;3,747227;0,0;87,63973191760202;0,0467;13184;2805,79;0;0
Vila Militar;2024;0;39;6;0,0;0,0;3,747227;0,0;87,63973191760202;0,0467;13184;2805,79;0;0
Cidade Universitária;2019;8;40;1;0,0;0,0;0,0;0,0;43,64534138544525;0,0;1556;2549,08;1;0
Cidade Universitária;2020;3;40;2;0,0;0,0;0,0;0,0;43,64534138544525;0,0;1556;2549,08;0;0
Cidade Universitária;2021;4;40;3;0,0;0,0;0,0;0,0;43,64534138544525;0,0;1556;2549,08;1;0
Cidade Universitária;2022;2;40;4;0,0;0,0;0,0;0,0;43,64534138544525;0,0;1556;2549,08;1;1
Cidade Universitária;2023;2;40;5;0,0;0,0;0,0;0,0;43,64534138544525;0,0;1556;2549,08;1;1
Cidade Universitária;2024;4;40;6;0,0;0,0;0,0;0,0;43,64534138544525;0,0;1556;2549,08;0;0
Rocha Miranda;2019;10;41;1;0,0;21,533124;0,0;0,0;96,56378330266676;0,0;44188;2029,86;27;6
Rocha Miranda;2020;18;41;2;0,0;13,640558;2,192697;0,0;96,56378330266676;0,0;44188;2029,86;12;2
Rocha Miranda;2021;9;41;3;0,0;21,533124;2,192697;0,0;96,56378330266676;0,0;44188;2029,86;12;1
Rocha Miranda;2022;8;41;4;0,0;23,148283;2,169608;0,0;96,56378330266676;0,0;44188;2029,86;10;3
Rocha Miranda;2023;19;41;5;0,0;23,325436;2,169608;0,0;96,56378330266676;0,0;44188;2029,86;9;5
Rocha Miranda;2024;8;41;6;0,0;23,325436;0,0;0,0;96,56378330266676;0,0;44188;2029,86;14;5
Ramos;2019;18;42;1;0,0;8,098161;34,042928;0,0;97,88000859352069;0,1611;40792;2380,26;7;0
Ramos;2020;14;42;2;0,0;8,098161;39,463346;0,0;97,88000859352069;0,1611;40792;2380,26;6;4
Ramos;2021;7;42;3;0,0;8,098161;34,285393;0,0;97,88000859352069;0,1611;40792;2380,26;5;3
Ramos;2022;30;42;4;0,0;9,362262;35,406481;0,0;97,88000859352069;0,1611;40792;2380,26;7;2
Ramos;2023;5;42;5;0,0;9,362262;24,303259;0,0;97,88000859352069;0,1611;40792;2380,26;5;1
Ramos;2024;9;42;6;0,0;9,362262;29,723678;0,0;97,88000859352069;0,1611;40792;2380,26;5;3
Realengo;2019;67;43;1;3,8428240000000002;0,106316;17,695039;0,300402;94,09847584312251;0,0787;180123;1932,4;73;15
Realengo;2020;37;43;2;4,220226;0,106316;11,197923;0,300402;94,09847584312251;0,0787;180123;1932,4;54;6
Realengo;2021;54;43;3;4,437817;0,106316;12,843683;0,300402;94,09847584312251;0,0787;180123;1932,4;75;19
Realengo;2022;55;43;4;4,437817;0,106316;13,335161000000001;0,300402;94,09847584312251;0,0787;180123;1932,4;55;19
Realengo;2023;56;43;5;5,25265;2,077953;9,818097;0,300402;94,09847584312251;0,0787;180123;1932,4;44;21
Realengo;2024;57;43;6;7,121688;1,8868649999999998;8,253919;0,300402;94,09847584312251;0,0787;180123;1932,4;25;9
Vila Kosmos;2019;1;44;1;0,0;45,089883;13,218031;0,0;99,31411554063357;0,1332;18274;2695,76;1;0
Vila Kosmos;2020;2;44;2;0,0;47,257684;13,218031;0,0;99,31411554063357;0,1332;18274;2695,76;1;0
Vila Kosmos;2021;1;44;3;0,0;48,10607;13,218031;0,0;99,31411554063357;0,1332;18274;2695,76;0;0
Vila Kosmos;2022;2;44;4;0,0;61,698837;13,218031;0,0;99,31411554063357;0,1332;18274;2695,76;25;7
Vila Kosmos;2023;1;44;5;0,0;74,916869;0,0;0,0;99,31411554063357;0,1332;18274;2695,76;12;4
Vila Kosmos;2024;4;44;6;0,0;74,916869;0,0;0,0;99,31411554063357;0,1332;18274;2695,76;17;11
Marechal Hermes;2019;24;45;1;0,0;6,386388;1,723773;1,090278;93,15055979220809;0,1936;48061;2213,48;17;4
Marechal Hermes;2020;10;45;2;0,0;2,5323580000000003;5,326844;4,944307;93,15055979220809;0,1936;48061;2213,48;11;4
Marechal Hermes;2021;5;45;3;0,0;2,5323580000000003;4,146965;4,944307;93,15055979220809;0,1936;48061;2213,48;10;1
Marechal Hermes;2022;17;45;4;0,0;1,720696;1,724615;5,755969;93,15055979220809;0,1936;48061;2213,48;8;1
Marechal Hermes;2023;10;45;5;0,0;1,720696;4,702522;4,679525;93,15055979220809;0,1936;48061;2213,48;4;1
Marechal Hermes;2024;14;45;6;0,0;1,720696;3,560599;5,755969;93,15055979220809;0,1936;48061;2213,48;4;2
Vicente de Carvalho;2019;26;46;1;0,0;38,840474;0,004539;0,007326999999999999;98,8875988539541;0,0;24964;1841,79;74;13
Vicente de Carvalho;2020;20;46;2;0,0;38,840474;0,004539;0,007326999999999999;98,8875988539541;0,0;24964;1841,79;70;12
Vicente de Carvalho;2021;13;46;3;0,0;38,840474;0,004539;0,007326999999999999;98,8875988539541;0,0;24964;1841,79;35;6
Vicente de Carvalho;2022;27;46;4;0,0;39,025212;0,004539;0,007326999999999999;98,8875988539541;0,0;24964;1841,79;62;17
Vicente de Carvalho;2023;16;46;5;0,0;39,025212;0,0;0,007326999999999999;98,8875988539541;0,0;24964;1841,79;55;10
Vicente de Carvalho;2024;18;46;6;0,0;39,025212;0,0;0,007326999999999999;98,8875988539541;0,0;24964;1841,79;29;10
Paciência;2019;6;47;1;0,0;1,325524;31,178804;0,0;86,94026044779638;0,2453;94626;1413,97;2;1
Paciência;2020;3;47;2;0,0;0,261964;31,201604000000003;0,0;86,94026044779638;0,2453;94626;1413,97;1;1
Paciência;2021;5;47;3;0,0;0,261964;32,852264;0,0;86,94026044779638;0,2453;94626;1413,97;11;1
Paciência;2022;5;47;4;0,0;0,261964;27,314657;0,0;86,94026044779638;0,2453;94626;1413,97;6;0
Paciência;2023;11;47;5;0,0;0,261964;32,019242;0,0;86,94026044779638;0,2453;94626;1413,97;12;6
Paciência;2024;5;47;6;0,0;0,0;32,691274;0,0;86,94026044779638;0,2453;94626;1413,97;6;1
Engenho da Rainha;2019;12;48;1;0,0;26,068489;0,0;0,0;96,67074821858674;0,1502;26659;2125,8;23;5
Engenho da Rainha;2020;8;48;2;0,0;26,068489;0,0;0,0;96,67074821858674;0,1502;26659;2125,8;11;4
Engenho da Rainha;2021;5;48;3;0,0;26,068489;0,0;0,0;96,67074821858674;0,1502;26659;2125,8;5;1
Engenho da Rainha;2022;2;48;4;0,0;26,068489;0,0;0,0;96,67074821858674;0,1502;26659;2125,8;11;4
Engenho da Rainha;2023;4;48;5;0,0;22,611501;0,0;0,0;96,67074821858674;0,1502;26659;2125,8;10;4
Engenho da Rainha;2024;5;48;6;0,0;26,068489;0,0;0,0;96,67074821858674;0,1502;26659;2125,8;12;7
Complexo do Alemão;2019;19;49;1;0,0;67,568641;0,0;0,0;96,721730830482;0,2309;69143;1187,34;275;71
Complexo do Alemão;2020;0;49;2;0,0;67,568641;0,0;0,0;96,721730830482;0,2309;69143;1187,34;121;19
Complexo do Alemão;2021;6;49;3;0,0;67,568641;0,0;0,0;96,721730830482;0,2309;69143;1187,34;82;21
Complexo do Alemão;2022;4;49;4;0,0;67,744339;0,0;0,0;96,721730830482;0,2309;69143;1187,34;37;14
Complexo do Alemão;2023;2;49;5;0,0;66,732643;0,0;0,0;96,721730830482;0,2309;69143;1187,34;18;8
Complexo do Alemão;2024;1;49;6;0,0;66,732643;0,0;0,0;96,721730830482;0,2309;69143;1187,34;16;10
Vaz Lobo;2019;8;50;1;0,0;2,842154;5,516111;10,651402;97,35245498452802;0,0269;15167;1929,43;22;6
Vaz Lobo;2020;5;50;2;0,0;2,842154;5,516111;10,651402;97,35245498452802;0,0269;15167;1929,43;9;1
Vaz Lobo;2021;2;50;3;0,0;2,842154;5,516111;10,651402;97,35245498452802;0,0269;15167;1929,43;5;1
Vaz Lobo;2022;7;50;4;0,0;2,842154;0,432827;10,651402;97,35245498452802;0,0269;15167;1929,43;10;2
Vaz Lobo;2023;4;50;5;0,0;2,842154;0,0;10,651402;97,35245498452802;0,0269;15167;1929,43;9;2
Vaz Lobo;2024;5;50;6;0,0;2,842154;5,083284;10,651402;97,35245498452802;0,0269;15167;1929,43;2;0
Padre Miguel;2019;21;51;1;22,203547;0,44815600000000005;10,058501;0,0;97,8097682100136;0,2662;64228;1925,24;47;7
Padre Miguel;2020;9;51;2;22,203547;0,44815600000000005;10,058501;0,0;97,8097682100136;0,2662;64228;1925,24;39;7
Padre Miguel;2021;1;51;3;22,203547;0,44815600000000005;11,739696;0,0;97,8097682100136;0,2662;64228;1925,24;37;10
Padre Miguel;2022;8;51;4;21,660331;0,44815600000000005;10,058501;0,0;97,8097682100136;0,2662;64228;1925,24;11;1
Padre Miguel;2023;10;51;5;21,660331;0,44815600000000005;10,058501;0,0;97,8097682100136;0,2662;64228;1925,24;22;6
Padre Miguel;2024;5;51;6;19,808199;0,44815600000000005;11,739696;0,0;97,8097682100136;0,2662;64228;1925,24;15;2
Bento Ribeiro;2019;6;52;1;0,0;0,272897;1,244428;0,0;97,82869282901017;0,019;43707;2545,85;8;1
Bento Ribeiro;2020;5;52;2;0,0;0,272897;18,270604;0,0;97,82869282901017;0,019;43707;2545,85;5;1
Bento Ribeiro;2021;2;52;3;0,0;0,272897;21,726054;0,0;97,82869282901017;0,019;43707;2545,85;9;0
Bento Ribeiro;2022;2;52;4;0,0;0,272897;10,407321;0,0;97,82869282901017;0,019;43707;2545,85;7;0
Bento Ribeiro;2023;3;52;5;0,0;0,272897;12,574253999999998;0,0;97,82869282901017;0,019;43707;2545,85;7;0
Bento Ribeiro;2024;3;52;6;0,0;0,272897;5,716014;0,0;97,82869282901017;0,019;43707;2545,85;1;0
Turiaçú;2019;1;53;1;0,0;30,567959;0,213701;0,0;96,20322767819916;0,0;17246;2084,27;4;2
Turiaçú;2020;3;53;2;0,0;30,544477;0,213701;0,0;96,20322767819916;0,0;17246;2084,27;0;0
Turiaçú;2021;5;53;3;0,0;31,407773;0,213701;0,0;96,20322767819916;0,0;17246;2084,27;0;0
Turiaçú;2022;5;53;4;0,0;31,407773;0,213701;0,0;96,20322767819916;0,0;17246;2084,27;3;3
Turiaçú;2023;4;53;5;0,0;34,536473;0,0;0,0;96,20322767819916;0,0;17246;2084,27;3;1
Turiaçú;2024;2;53;6;0,0;33,782342;0,0;0,0;96,20322767819916;0,0;17246;2084,27;3;1
Bonsucesso;2019;25;54;1;0,0;1,785079;0,0;0,0;89,55593135310744;0,1151;18711;2464,27;32;9
Bonsucesso;2020;28;54;2;0,0;1,785079;17,133763;0,0;89,55593135310744;0,1151;18711;2464,27;13;2
Bonsucesso;2021;16;54;3;0,0;1,785079;17,133763;0,0;89,55593135310744;0,1151;18711;2464,27;10;0
Bonsucesso;2022;27;54;4;0,0;1,799101;11,489488;0,0;89,55593135310744;0,1151;18711;2464,27;12;5
Bonsucesso;2023;19;54;5;0,0;1,799101;0,0;0,0;89,55593135310744;0,1151;18711;2464,27;8;5
Bonsucesso;2024;17;54;6;0,0;1,799101;0,0;0,0;89,55593135310744;0,1151;18711;2464,27;10;6
Inhaúma;2019;14;55;1;0,0;8,599487;28,701744;0,0;96,30961170802834;0,0876;45698;1797,39;7;4
Inhaúma;2020;8;55;2;0,0;8,599487;28,701744;0,0;96,30961170802834;0,0876;45698;1797,39;8;4
Inhaúma;2021;6;55;3;0,0;8,599487;28,701744;0,0;96,30961170802834;0,0876;45698;1797,39;7;1
Inhaúma;2022;12;55;4;0,0;8,599487;28,701744;0,0;96,30961170802834;0,0876;45698;1797,39;11;0
Inhaúma;2023;10;55;5;0,0;5,358915;9,705905999999999;0,0;96,30961170802834;0,0876;45698;1797,39;7;0
Inhaúma;2024;7;55;6;0,0;5,358915;28,701744;0,0;96,30961170802834;0,0876;45698;1797,39;7;5
Tomás Coelho;2019;9;56;1;6,595944;5,712053;0,0;3,0527979999999997;95,445246880302;0,1079;22676;1981,95;17;6
Tomás Coelho;2020;12;56;2;2,753635;5,742601;0,0;6,864558999999999;95,445246880302;0,1079;22676;1981,95;10;0
Tomás Coelho;2021;10;56;3;2,753635;5,742601;0,0;13,649223;95,445246880302;0,1079;22676;1981,95;14;4
Tomás Coelho;2022;14;56;4;2,387398;4,93014;1,178698;13,649223;95,445246880302;0,1079;22676;1981,95;10;4
Tomás Coelho;2023;10;56;5;2,387398;4,93014;1,178698;13,649223;95,445246880302;0,1079;22676;1981,95;5;1
Tomás Coelho;2024;5;56;6;1,418863;5,898675;1,178698;13,649223;95,445246880302;0,1079;22676;1981,95;10;2
Santíssimo;2019;12;57;1;0,0;0,0;20,708995;1,528924;92,92464977979232;0,1325;41458;1680,72;11;2
Santíssimo;2020;5;57;2;0,0;0,0;16,079767;1,528924;92,92464977979232;0,1325;41458;1680,72;11;2
Santíssimo;2021;6;57;3;0,0;0,0;13,812804;1,528924;92,92464977979232;0,1325;41458;1680,72;9;1
Santíssimo;2022;6;57;4;0,0;0,0;14,706669;1,528924;92,92464977979232;0,1325;41458;1680,72;8;3
Santíssimo;2023;2;57;5;0,0;0,0;10,086415;1,528924;92,92464977979232;0,1325;41458;1680,72;2;1
Santíssimo;2024;8;57;6;0,0;0,0;13,227847;1,528924;92,92464977979232;0,1325;41458;1680,72;2;1
Madureira;2019;29;58;1;0,0;5,41439;36,415273;9,062972;95,20906150852348;0,0286;50106;2391,05;110;38
Madureira;2020;21;58;2;0,0;5,41439;37,937130999999994;9,062972;95,20906150852348;0,0286;50106;2391,05;48;24
Madureira;2021;19;58;3;0,0;6,400966;37,937130999999994;9,062972;95,20906150852348;0,0286;50106;2391,05;75;19
Madureira;2022;11;58;4;0,0;6,400966;43,416604;8,963869;95,20906150852348;0,0286;50106;2391,05;47;30
Madureira;2023;28;58;5;0,0;6,400966;32,71311;8,963869;95,20906150852348;0,0286;50106;2391,05;48;22
Madureira;2024;15;58;6;0,0;5,492286;18,221463999999997;8,963869;95,20906150852348;0,0286;50106;2391,05;27;10
Oswaldo Cruz;2019;4;59;1;0,0;0,300714;13,929403;0,0;94,21960263541406;0,0488;34040;2330,83;4;0
Oswaldo Cruz;2020;5;59;2;0,0;0,300714;16,792339;0,0;94,21960263541406;0,0488;34040;2330,83;2;0
Oswaldo Cruz;2021;0;59;3;0,0;0,300714;13,929403;0,0;94,21960263541406;0,0488;34040;2330,83;2;0
Oswaldo Cruz;2022;4;59;4;0,0;0,300714;6,803012;0,0;94,21960263541406;0,0488;34040;2330,83;3;0
Oswaldo Cruz;2023;4;59;5;0,0;0,300714;6,793144;0,0;94,21960263541406;0,0488;34040;2330,83;4;1
Oswaldo Cruz;2024;2;59;6;0,0;0,300714;3,094292;0,0;94,21960263541406;0,0488;34040;2330,83;0;0
Santa Cruz;2019;25;60;1;0,0;0,37551099999999993;17,392703;0,0;87,93779616938625;0,0959;217333;1472,35;15;2
Santa Cruz;2020;19;60;2;0,0;0,37551099999999993;17,690221;0,0;87,93779616938625;0,0959;217333;1472,35;16;2
Santa Cruz;2021;34;60;3;0,0;0,37551099999999993;17,488223;0,0;87,93779616938625;0,0959;217333;1472,35;34;4
Santa Cruz;2022;26;60;4;0,0;0,066471;17,708608;0,0;87,93779616938625;0,0959;217333;1472,35;20;1
Santa Cruz;2023;53;60;5;0,0;0,020417999999999995;17,962412;0,0;87,93779616938625;0,0959;217333;1472,35;31;3
Santa Cruz;2024;38;60;6;0,0;0,020417999999999995;16,285818;0,0;87,93779616938625;0,0959;217333;1472,35;21;5
Magalhães Bastos;2019;10;61;1;4,483497;0,0;18,836566;0,0;94,31124623390996;0,2211;24430;1941,94;6;4
Magalhães Bastos;2020;3;61;2;4,483497;0,0;18,836566;0,0;94,31124623390996;0,2211;24430;1941,94;2;0
Magalhães Bastos;2021;4;61;3;4,483497;0,0;18,740484;0,0;94,31124623390996;0,2211;24430;1941,94;2;1
Magalhães Bastos;2022;5;61;4;4,483497;0,0;18,740484;0,0;94,31124623390996;0,2211;24430;1941,94;4;1
Magalhães Bastos;2023;0;61;5;4,483497;0,0;18,836566;0,0;94,31124623390996;0,2211;24430;1941,94;2;1
Magalhães Bastos;2024;3;61;6;4,559466;0,0;20,635018;0,0;94,31124623390996;0,2211;24430;1941,94;1;1
Senador Camará;2019;37;62;1;0,42478293478098467;1,0259727218374122;0,26524669225908204;13,885328702470453;94,50317578357314;0,3656;105515;1527,66;75;27
Senador Camará;2020;16;62;2;0,42478293478098467;1,0259727218374122;0,26524669225908204;13,885328702470453;94,50317578357314;0,3656;105515;1527,66;34;13
Senador Camará;2021;19;62;3;0,3025620354775461;1,0259727218374122;0,26524669225908204;14,00754960177389;94,50317578357314;0,3656;105515;1527,66;40;17
Senador Camará;2022;17;62;4;0,3025620354775461;1,0259727218374122;0,08495168014165631;14,23018060974774;94,50317578357314;0,3656;105515;1527,66;27;8
Senador Camará;2023;26;62;5;0,3025620354775461;1,0259727218374122;0,08495168014165631;14,23018060974774;94,50317578357314;0,3656;105515;1527,66;22;7
Senador Camará;2024;17;62;6;0,3025620354775461;1,0259727218374122;0,04261568428523567;14,23018060974774;94,50317578357314;0,3656;105515;1527,66;10;4
Cavalcanti;2019;12;63;1;0,736554;0,0;10,707941;15,199454999999999;96,1215913642796;0,1315;16141;1649,89;20;7
Cavalcanti;2020;5;63;2;0,689526;0,0;6,098621;15,246484;96,1215913642796;0,1315;16141;1649,89;5;1
Cavalcanti;2021;8;63;3;0,689526;0,0;13,787216;25,004615;96,1215913642796;0,1315;16141;1649,89;6;1
Cavalcanti;2022;2;63;4;0,689526;0,0;8,515808;25,004615;96,1215913642796;0,1315;16141;1649,89;8;2
Cavalcanti;2023;10;63;5;0,689526;0,0;3,799236;25,004615;96,1215913642796;0,1315;16141;1649,89;6;3
Cavalcanti;2024;12;63;6;0,689526;0,0;3,799236;25,004615;96,1215913642796;0,1315;16141;1649,89;13;9
Campo dos Afonsos;2019;0;64;1;0,0;0,0;0,0;0,0;99,85008316932634;0,0;1365;6185,07;0;0
Campo dos Afonsos;2020;0;64;2;0,0;0,0;0,0;0,0;99,85008316932634;0,0;1365;6185,07;0;0
Campo dos Afonsos;2021;0;64;3;0,0;0,0;0,0;0,0;99,85008316932634;0,0;1365;6185,07;1;0
Campo dos Afonsos;2022;0;64;4;0,0;0,0;0,0;0,0;99,85008316932634;0,0;1365;6185,07;0;0
Campo dos Afonsos;2023;1;64;5;0,0;0,0;0,0;0,0;99,85008316932634;0,0;1365;6185,07;0;0
Campo dos Afonsos;2024;0;64;6;0,0;0,0;0,0;0,0;99,85008316932634;0,0;1365;6185,07;0;0
Higienópolis;2019;2;65;1;0,0;0,9954439999999999;1,593891;0,0;99,17081528405288;0,1291;15734;2881,83;3;2
Higienópolis;2020;2;65;2;0,0;0,9954439999999999;1,593891;0,0;99,17081528405288;0,1291;15734;2881,83;0;0
Higienópolis;2021;3;65;3;0,0;0,9954439999999999;1,593891;0,0;99,17081528405288;0,1291;15734;2881,83;0;0
Higienópolis;2022;0;65;4;0,0;0,9954439999999999;1,593891;0,0;99,17081528405288;0,1291;15734;2881,83;1;1
Higienópolis;2023;2;65;5;0,0;0,9954439999999999;4,77551;0,0;99,17081528405288;0,1291;15734;2881,83;0;0
Higienópolis;2024;0;65;6;0,0;0,9954439999999999;4,77551;0,0;99,17081528405288;0,1291;15734;2881,83;0;0
Manguinhos;2019;23;66;1;0,0;14,418216000000001;2,511344;0,0;95,197754951703;0,3153;36160;1179,64;69;36
Manguinhos;2020;10;66;2;0,0;14,418216000000001;2,536332;0,0;95,197754951703;0,3153;36160;1179,64;30;8
Manguinhos;2021;8;66;3;0,0;14,418216000000001;2,536332;0,0;95,197754951703;0,3153;36160;1179,64;21;13
Manguinhos;2022;16;66;4;0,0;16,92956;0,024987;0,0;95,197754951703;0,3153;36160;1179,64;38;14
Manguinhos;2023;5;66;5;0,0;18,590022;0,024987;0,0;95,197754951703;0,3153;36160;1179,64;24;12
Manguinhos;2024;12;66;6;0,0;18,590022;0,024987;0,0;95,197754951703;0,3153;36160;1179,64;12;8
Engenheiro Leal;2019;5;67;1;0,0;0,0;27,245481000000005;9,50846;93,75376412700366;0,3247;6113;1846,77;1;0
Engenheiro Leal;2020;1;67;2;0,0;0,0;13,857574999999999;9,50846;93,75376412700366;0,3247;6113;1846,77;2;0
Engenheiro Leal;2021;1;67;3;0,0;0,0;4,120933;9,50846;93,75376412700366;0,3247;6113;1846,77;1;0
Engenheiro Leal;2022;3;67;4;0,0;0,0;27,255783;9,50846;93,75376412700366;0,3247;6113;1846,77;0;0
Engenheiro Leal;2023;3;67;5;0,0;0,0;0,0;9,50846;93,75376412700366;0,3247;6113;1846,77;1;0
Engenheiro Leal;2024;1;67;6;0,0;0,0;3,920687;9,50846;93,75376412700366;0,3247;6113;1846,77;0;0
Pilares;2019;20;68;1;6,530282;10,735015;29,7615;0,0;97,99402826781768;0,0442;27250;2077,58;49;11
Pilares;2020;8;68;2;0,181166;17,084132;29,963758;0,0;97,99402826781768;0,0442;27250;2077,58;17;6
Pilares;2021;3;68;3;0,181166;17,084132;29,963758;0,0;97,99402826781768;0,0442;27250;2077,58;16;4
Pilares;2022;7;68;4;0,181166;17,084132;32,646021;0,0;97,99402826781768;0,0442;27250;2077,58;14;5
Pilares;2023;8;68;5;0,181166;17,084132;29,963758;0,0;97,99402826781768;0,0442;27250;2077,58;10;5
Pilares;2024;8;68;6;0,0;17,265298;20,932569;0,0;97,99402826781768;0,0442;27250;2077,58;9;8
Del Castilho;2019;8;69;1;0,0;1,466581;60,107622;0,0;98,45569740173346;0,0461;15610;2317,78;14;5
Del Castilho;2020;2;69;2;0,0;1,466581;60,107622;0,0;98,45569740173346;0,0461;15610;2317,78;8;1
Del Castilho;2021;3;69;3;0,0;1,466581;60,107622;0,0;98,45569740173346;0,0461;15610;2317,78;8;0
Del Castilho;2022;9;69;4;0,0;1,466581;60,107622;0,0;98,45569740173346;0,0461;15610;2317,78;17;4
Del Castilho;2023;3;69;5;0,0;1,466581;42,660865;0,0;98,45569740173346;0,0461;15610;2317,78;19;3
Del Castilho;2024;2;69;6;0,0;1,466581;60,10761899999999;0,0;98,45569740173346;0,0461;15610;2317,78;8;0
Piedade;2019;16;70;1;1,001981;0,805415;60,26088;0,0;96,1341395976133;0,1571;43378;2548,58;20;4
Piedade;2020;15;70;2;0,696122;1,111274;57,506257;0,0;96,1341395976133;0,1571;43378;2548,58;17;4
Piedade;2021;17;70;3;0,696122;7,537062;25,214317;0,0;96,1341395976133;0,1571;43378;2548,58;10;4
Piedade;2022;9;70;4;0,002501;9,494133;7,68114;0,0;96,1341395976133;0,1571;43378;2548,58;27;8
Piedade;2023;8;70;5;0,002501;9,815812;4,142128;0,0;96,1341395976133;0,1571;43378;2548,58;17;6
Piedade;2024;7;70;6;0,002501;9,815812;14,235167;0,0;96,1341395976133;0,1571;43378;2548,58;18;9
Cascadura;2019;4;71;1;0,0;0,0;79,290628;0,0;93,16794705909751;0,1115;34456;2346,72;7;2
Cascadura;2020;16;71;2;0,0;0,0;68,688859;0,0;93,16794705909751;0,1115;34456;2346,72;19;3
Cascadura;2021;8;71;3;0,0;0,0;62,260972;0,0;93,16794705909751;0,1115;34456;2346,72;26;2
Cascadura;2022;18;71;4;0,0;0,446684;78,843943;0,0;93,16794705909751;0,1115;34456;2346,72;55;1
Cascadura;2023;20;71;5;0,0;0,446684;47,13088;0,0;93,16794705909751;0,1115;34456;2346,72;57;9
Cascadura;2024;7;71;6;0,0;0,446684;33,816389;4,921417;93,16794705909751;0,1115;34456;2346,72;47;10
Vila Valqueire;2019;0;72;1;0,0;0,0;30,862582;0,0;95,6654015922961;0,0314;32279;4092,15;6;1
Vila Valqueire;2020;2;72;2;0,0;0,0;30,862582;0,0;95,6654015922961;0,0314;32279;4092,15;10;0
Vila Valqueire;2021;2;72;3;0,0;0,0;30,863482;0,0;95,6654015922961;0,0314;32279;4092,15;5;1
Vila Valqueire;2022;1;72;4;0,0;0,0;30,863482;0,0;95,6654015922961;0,0314;32279;4092,15;4;1
Vila Valqueire;2023;7;72;5;0,0;0,0;30,862582;0,0;95,6654015922961;0,0314;32279;4092,15;9;4
Vila Valqueire;2024;4;72;6;0,0;2,913195;2,594591;0,0;95,6654015922961;0,0314;32279;4092,15;7;0
Maria da Graça;2019;1;73;1;0,0;0,0;0,0;0,0;95,48543719827134;0,0;7972;3180,91;2;0
Maria da Graça;2020;1;73;2;0,0;0,0;0,0;0,0;95,48543719827134;0,0;7972;3180,91;0;0
Maria da Graça;2021;0;73;3;0,0;0,0;0,0;0,0;95,48543719827134;0,0;7972;3180,91;3;0
Maria da Graça;2022;2;73;4;0,0;0,0;0,0;0,0;95,48543719827134;0,0;7972;3180,91;4;0
Maria da Graça;2023;2;73;5;0,0;0,0;0,0;0,0;95,48543719827134;0,0;7972;3180,91;1;1
Maria da Graça;2024;0;73;6;0,0;0,0;0,0;0,0;95,48543719827134;0,0;7972;3180,91;0;0
Quintino Bocaiúva;2019;8;74;1;1,835641;0,0;40,750376;0,0;94,81456678279804;0,0604;31185;2459,04;26;8
Quintino Bocaiúva;2020;2;74;2;0,387496;0,0;38,283258;0,0;94,81456678279804;0,0604;31185;2459,04;53;4
Quintino Bocaiúva;2021;19;74;3;0,387496;1,458425;37,751494;0,0;94,81456678279804;0,0604;31185;2459,04;48;13
Quintino Bocaiúva;2022;4;74;4;0,387496;1,52655;32,795433;0,0;94,81456678279804;0,0604;31185;2459,04;30;7
Quintino Bocaiúva;2023;7;74;5;0,387496;3,513454;21,428394;0,0;94,81456678279804;0,0604;31185;2459,04;9;4
Quintino Bocaiúva;2024;7;74;6;0,387496;3,513454;21,715006;0,0;94,81456678279804;0,0604;31185;2459,04;6;1
Jardim Sulacap;2019;1;75;1;0,0;0,0;1,09953;0,0;92,89696202897998;0,0073;13062;4033,4;0;0
Jardim Sulacap;2020;1;75;2;0,0;0,0;1,09953;0,0;92,89696202897998;0,0073;13062;4033,4;3;0
Jardim Sulacap;2021;1;75;3;0,0;0,0;1,09953;0,0;92,89696202897998;0,0073;13062;4033,4;3;1
Jardim Sulacap;2022;1;75;4;0,0;0,0;0,215657;0,0;92,89696202897998;0,0073;13062;4033,4;3;1
Jardim Sulacap;2023;0;75;5;0,0;0,0;1,09953;0,0;92,89696202897998;0,0073;13062;4033,4;0;0
Jardim Sulacap;2024;1;75;6;0,0;0,0;0,825466;0,0;92,89696202897998;0,0073;13062;4033,4;1;0
Campinho;2019;0;76;1;0,0;0,0;72,31801799999998;0,0;92,6262434216586;0,1543;10156;3081,85;13;0
Campinho;2020;3;76;2;0,0;0,0;72,31801799999998;0,0;92,6262434216586;0,1543;10156;3081,85;6;1
Campinho;2021;1;76;3;0,0;0,0;72,31801799999998;0,0;92,6262434216586;0,1543;10156;3081,85;9;3
Campinho;2022;3;76;4;0,0;0,0;71,355928;0,0;92,6262434216586;0,1543;10156;3081,85;47;8
Campinho;2023;8;76;5;0,0;0,0;68,214851;0,0;92,6262434216586;0,1543;10156;3081,85;46;4
Campinho;2024;7;76;6;0,0;0,0;18,677785;2,250092;92,6262434216586;0,1543;10156;3081,85;36;5
Abolição;2019;1;77;1;2,792102;0,0;10,826936;0,0;99,31000426227968;0,0;11356;2973,02;2;1
Abolição;2020;1;77;2;0,0;2,792102;26,704098;0,0;99,31000426227968;0,0;11356;2973,02;0;0
Abolição;2021;0;77;3;0,0;2,792102;26,704098;0,0;99,31000426227968;0,0;11356;2973,02;3;0
Abolição;2022;0;77;4;0,0;2,792102;26,70783;0,0;99,31000426227968;0,0;11356;2973,02;1;0
Abolição;2023;1;77;5;0,0;2,792102;26,70783;0,0;99,31000426227968;0,0;11356;2973,02;0;0
Abolição;2024;1;77;6;0,0;2,792102;26,703489;0,0;99,31000426227968;0,0;11356;2973,02;1;0
Senador Vasconcelos;2019;3;78;1;0,0;0,0;21,99024;0,0;90,53095400898609;0,0698;30600;1893,62;5;0
Senador Vasconcelos;2020;1;78;2;0,0;0,0;21,906211;0,0;90,53095400898609;0,0698;30600;1893,62;2;0
Senador Vasconcelos;2021;3;78;3;0,0;0,0;21,830805;0,0;90,53095400898609;0,0698;30600;1893,62;0;0
Senador Vasconcelos;2022;3;78;4;0,0;0,0;17,194011;0,0;90,53095400898609;0,0698;30600;1893,62;1;0
Senador Vasconcelos;2023;2;78;5;0,0;0,0;10,557168;0,0;90,53095400898609;0,0698;30600;1893,62;0;0
Senador Vasconcelos;2024;2;78;6;0,0;0,0;11,913715000000002;0,0;90,53095400898609;0,0698;30600;1893,62;0;0
Cosmos;2019;4;79;1;0,0;0,0;48,901423;0,0;91,19513940263523;0,0284;77007;1435,12;2;0
Cosmos;2020;6;79;2;0,0;0,0;49,27842299999999;0,0;91,19513940263523;0,0284;77007;1435,12;3;0
Cosmos;2021;7;79;3;0,0;0,0;49,75961800000001;0,0;91,19513940263523;0,0284;77007;1435,12;11;0
Cosmos;2022;4;79;4;0,0;0,0;49,502549;0,0;91,19513940263523;0,0284;77007;1435,12;3;0
Cosmos;2023;5;79;5;0,0;0,0;46,775156;0,0;91,19513940263523;0,0284;77007;1435,12;4;1
Cosmos;2024;4;79;6;0,0;0,0;46,664926;0,0;91,19513940263523;0,0284;77007;1435,12;5;0
Jacarezinho;2019;2;80;1;0,0;53,954514;0,0;0,0;94,83355715007636;0,8848;37839;1163,08;31;18
Jacarezinho;2020;1;80;2;0,0;53,954514;0,0;0,0;94,83355715007636;0,8848;37839;1163,08;18;6
Jacarezinho;2021;8;80;3;0,0;53,954514;0,0;0,0;94,83355715007636;0,8848;37839;1163,08;20;10
Jacarezinho;2022;1;80;4;0,0;53,954514;0,0;0,0;94,83355715007636;0,8848;37839;1163,08;19;13
Jacarezinho;2023;3;80;5;0,0;64,42893;0,0;0,0;94,83355715007636;0,8848;37839;1163,08;29;20
Jacarezinho;2024;1;80;6;0,0;64,42893;0,0;0,0;94,83355715007636;0,8848;37839;1163,08;24;14
Cachambi;2019;5;81;1;0,0;1,720082;28,693762;0,0;96,61127882191388;0,0161;42415;3803,74;13;3
Cachambi;2020;2;81;2;0,0;1,720082;28,693762;0,0;96,61127882191388;0,0161;42415;3803,74;6;0
Cachambi;2021;3;81;3;0,0;1,720082;28,693762;0,0;96,61127882191388;0,0161;42415;3803,74;10;0
Cachambi;2022;2;81;4;0,0;1,720082;28,693762;0,0;96,61127882191388;0,0161;42415;3803,74;15;2
Cachambi;2023;8;81;5;0,0;1,720082;28,693762;0,0;96,61127882191388;0,0161;42415;3803,74;8;3
Cachambi;2024;5;81;6;0,0;1,720082;15,533955;0,0;96,61127882191388;0,0161;42415;3803,74;10;1
Praça Seca;2019;24;82;1;0,0;0,0;77,641914;0,0;88,70324690340546;0,2739;64147;2809,35;154;17
Praça Seca;2020;7;82;2;0,0;0,0;77,641914;0,0;88,70324690340546;0,2739;64147;2809,35;42;4
Praça Seca;2021;14;82;3;0,0;0,0;77,641914;0,0;88,70324690340546;0,2739;64147;2809,35;176;20
Praça Seca;2022;16;82;4;0,0;0,0;75,857374;0,0;88,70324690340546;0,2739;64147;2809,35;73;12
Praça Seca;2023;28;82;5;0,0;0,006034;58,614519;0,0;88,70324690340546;0,2739;64147;2809,35;151;31
Praça Seca;2024;14;82;6;0,0;0,202815;39,478867;0,0;88,70324690340546;0,2739;64147;2809,35;40;16
Benfica;2019;14;83;1;0,075159;8,75502;1,512579;0,004793;60,50718152089958;0,0185;25081;1886,82;25;6
Benfica;2020;10;83;2;0,075159;8,75502;1,512579;0,004793;60,50718152089958;0,0185;25081;1886,82;11;2
Benfica;2021;9;83;3;0,075159;8,75502;1,512579;0,004793;60,50718152089958;0,0185;25081;1886,82;12;2
Benfica;2022;12;83;4;0,075159;8,75502;1,512579;0,004793;60,50718152089958;0,0185;25081;1886,82;8;1
Benfica;2023;4;83;5;0,075159;10,562387000000001;0,0;0,004793;60,50718152089958;0,0185;25081;1886,82;6;2
Benfica;2024;8;83;6;0,075159;10,562387000000001;0,0;0,004793;60,50718152089958;0,0185;25081;1886,82;5;2
Engenho de Dentro;2019;3;84;1;0,0;10,579771;10,635546;0,0;89,99227629970063;0,0395;45540;2892,77;15;4
Engenho de Dentro;2020;6;84;2;0,0;10,579771;10,34302;0,0;89,99227629970063;0,0395;45540;2892,77;6;2
Engenho de Dentro;2021;7;84;3;0,0;10,579771;10,34302;0,0;89,99227629970063;0,0395;45540;2892,77;19;1
Engenho de Dentro;2022;9;84;4;0,0;10,579771;10,34302;0,0;89,99227629970063;0,0395;45540;2892,77;26;8
Engenho de Dentro;2023;5;84;5;0,0;10,579771;11,067419;0,0;89,99227629970063;0,0395;45540;2892,77;6;1
Engenho de Dentro;2024;4;84;6;0,0;10,579771;3,828685;0,0;89,99227629970063;0,0395;45540;2892,77;14;0
São Cristóvão;2019;9;85;1;0,0;0,0;0,0;0,0;57,89143901859355;0,1409;26510;2850,51;25;14
São Cristóvão;2020;18;85;2;0,0;0,0;0,0;0,0;57,89143901859355;0,1409;26510;2850,51;9;1
São Cristóvão;2021;3;85;3;0,0;0,0;0,0;0,0;57,89143901859355;0,1409;26510;2850,51;13;2
São Cristóvão;2022;10;85;4;0,0;0,0;0,0;0,0;57,89143901859355;0,1409;26510;2850,51;9;2
São Cristóvão;2023;9;85;5;0,0;0,0;0,0;0,0;57,89143901859355;0,1409;26510;2850,51;7;2
São Cristóvão;2024;9;85;6;0,0;0,0;0,0;0,0;57,89143901859355;0,1409;26510;2850,51;12;4
Vasco da Gama;2019;0;86;1;0,0;12,494865;0,0;0,0;89,74669840766651;0,0754;15482;2073,79;1;1
Vasco da Gama;2020;0;86;2;0,0;12,494865;0,0;0,0;89,74669840766651;0,0754;15482;2073,79;2;0
Vasco da Gama;2021;0;86;3;0,0;12,494865;0,0;0,0;89,74669840766651;0,0754;15482;2073,79;3;1
Vasco da Gama;2022;0;86;4;0,0;12,494865;0,0;0,0;89,74669840766651;0,0754;15482;2073,79;6;1
Vasco da Gama;2023;0;86;5;0,0;12,494865;0,0;0,0;89,74669840766651;0,0754;15482;2073,79;4;2
Vasco da Gama;2024;1;86;6;0,0;12,494865;0,0;0,0;89,74669840766651;0,0754;15482;2073,79;2;1
Inhoaíba;2019;4;87;1;0,0;7,5e-05;48,940271;0,0;92,5501126014028;0,2742;64649;1427,79;2;0
Inhoaíba;2020;1;87;2;0,0;7,5e-05;48,940271;0,0;92,5501126014028;0,2742;64649;1427,79;5;1
Inhoaíba;2021;1;87;3;0,0;7,5e-05;47,717012;0,0;92,5501126014028;0,2742;64649;1427,79;9;0
Inhoaíba;2022;4;87;4;0,0;7,5e-05;44,59038;0,0;92,5501126014028;0,2742;64649;1427,79;2;0
Inhoaíba;2023;2;87;5;0,0;7,5e-05;46,633884;0,0;92,5501126014028;0,2742;64649;1427,79;2;1
Inhoaíba;2024;5;87;6;0,0;7,5e-05;46,446519;0,0;92,5501126014028;0,2742;64649;1427,79;3;0
Todos os Santos;2019;1;88;1;0,0;0,0;9,413094;0,0;98,84517254757203;0,0;24646;4870,72;3;0
Todos os Santos;2020;0;88;2;0,0;0,0;9,423142;0,0;98,84517254757203;0,0;24646;4870,72;1;1
Todos os Santos;2021;0;88;3;0,0;0,0;9,423142;0,0;98,84517254757203;0,0;24646;4870,72;3;1
Todos os Santos;2022;1;88;4;0,0;0,0;9,413094;0,0;98,84517254757203;0,0;24646;4870,72;4;0
Todos os Santos;2023;1;88;5;0,0;0,0;9,413094;0,0;98,84517254757203;0,0;24646;4870,72;2;1
Todos os Santos;2024;4;88;6;0,0;0,0;1,401707;0,0;98,84517254757203;0,0;24646;4870,72;5;1
Jacaré;2019;16;89;1;0,0;9,594924;0,0;0,0;77,10187690927957;0,188;9276;1896,78;6;0
Jacaré;2020;9;89;2;0,0;9,594924;0,0;0,0;77,10187690927957;0,188;9276;1896,78;14;2
Jacaré;2021;7;89;3;0,0;9,594924;0,0;0,0;77,10187690927957;0,188;9276;1896,78;1;1
Jacaré;2022;3;89;4;0,0;9,594924;0,0;0,0;77,10187690927957;0,188;9276;1896,78;4;0
Jacaré;2023;9;89;5;0,0;9,594924;0,0;0,0;77,10187690927957;0,188;9276;1896,78;3;0
Jacaré;2024;3;89;6;0,0;9,594924;0,0;0,0;77,10187690927957;0,188;9276;1896,78;2;0
Encantado;2019;2;90;1;0,0;0,474867;59,136614;0,0;96,91870963147268;0,0328;15021;2755,11;2;0
Encantado;2020;2;90;2;0,0;0,474867;8,288503;0,0;96,91870963147268;0,0328;15021;2755,11;4;4
Encantado;2021;7;90;3;0,0;0,474867;16,446168;0,0;96,91870963147268;0,0328;15021;2755,11;5;2
Encantado;2022;0;90;4;0,0;0,474867;6,125606;0,0;96,91870963147268;0,0328;15021;2755,11;3;3
Encantado;2023;4;90;5;0,0;0,474867;13,157516;0,0;96,91870963147268;0,0328;15021;2755,11;0;0
Encantado;2024;1;90;6;0,0;0,474867;30,654731;0,0;96,91870963147268;0,0328;15021;2755,11;2;1
Rocha;2019;3;91;1;0,0;0,0;0,0;0,0;97,71483665542212;0,0;8766;3560,99;19;8
Rocha;2020;3;91;2;0,0;0,0;0,0;0,0;97,71483665542212;0,0;8766;3560,99;8;3
Rocha;2021;3;91;3;0,0;0,0;0,0;0,0;97,71483665542212;0,0;8766;3560,99;3;0
Rocha;2022;0;91;4;0,0;0,0;0,0;0,0;97,71483665542212;0,0;8766;3560,99;0;0
Rocha;2023;1;91;5;0,0;0,0069700000000000005;0,0;0,0;97,71483665542212;0,0;8766;3560,99;1;0
Rocha;2024;0;91;6;0,0;0,0069700000000000005;0,0;0,0;97,71483665542212;0,0;8766;3560,99;1;0
Méier;2019;1;92;1;0,0;2,382419;4,408277;0,0;98,5446910743913;0,0;49828;4876,66;6;2
Méier;2020;8;92;2;0,0;2,382419;10,460596;0,0;98,5446910743913;0,0;49828;4876,66;9;0
Méier;2021;12;92;3;0,0;2,382419;10,460596;0,0;98,5446910743913;0,0;49828;4876,66;13;5
Méier;2022;11;92;4;0,0;2,382419;4,408277;0,0;98,5446910743913;0,0;49828;4876,66;9;1
Méier;2023;5;92;5;0,0;2,382419;4,408277;0,0;98,5446910743913;0,0;49828;4876,66;9;0
Méier;2024;20;92;6;0,0;2,382419;4,408277;0,0;98,5446910743913;0,0;49828;4876,66;5;1
Gamboa;2019;3;93;1;0,0;11,178487;0,0;0,0;85,20981391185724;0,0198;13108;1438,21;24;10
Gamboa;2020;3;93;2;0,0;11,178487;0,0;0,0;85,20981391185724;0,0198;13108;1438,21;25;10
Gamboa;2021;2;93;3;0,0;11,178487;0,0;0,0;85,20981391185724;0,0198;13108;1438,21;17;8
Gamboa;2022;0;93;4;0,0;11,178487;0,0;0,0;85,20981391185724;0,0198;13108;1438,21;5;3
Gamboa;2023;1;93;5;0,0;11,178487;0,0;0,0;85,20981391185724;0,0198;13108;1438,21;4;2
Gamboa;2024;1;93;6;0,0;11,178487;0,0;0,0;85,20981391185724;0,0198;13108;1438,21;0;0
Santo Cristo;2019;6;94;1;0,0;1,4418650000000002;0,0;0,0;89,44428649171611;0,0434;12330;1662,87;6;4
Santo Cristo;2020;6;94;2;0,0;1,4418650000000002;0,0;0,0;89,44428649171611;0,0434;12330;1662,87;5;1
Santo Cristo;2021;4;94;3;0,0;1,4418650000000002;0,0;0,0;89,44428649171611;0,0434;12330;1662,87;4;3
Santo Cristo;2022;2;94;4;0,0;1,4418650000000002;0,0;0,0;89,44428649171611;0,0434;12330;1662,87;1;1
Santo Cristo;2023;0;94;5;0,0;1,4418650000000002;0,130431;0,0;89,44428649171611;0,0434;12330;1662,87;1;1
Santo Cristo;2024;4;94;6;0,0;1,4418650000000002;0,0;0,0;89,44428649171611;0,0434;12330;1662,87;6;3
Centro;2019;22;95;1;0,0;0,0;3,961541647398132;0,0;91,09953516724195;0,0026;41142;2819,75;22;4
Centro;2020;18;95;2;0,0;0,0;3,961541647398132;0,0;91,09953516724195;0,0026;41142;2819,75;12;5
Centro;2021;20;95;3;0,0;0,0;4,231822919622347;0,0;91,09953516724195;0,0026;41142;2819,75;5;2
Centro;2022;18;95;4;0,0;0,0;2,4362262024552366;0,0;91,09953516724195;0,0026;41142;2819,75;16;3
Centro;2023;28;95;5;0,0;0,0;4,131364668748472;0,0;91,09953516724195;0,0026;41142;2819,75;9;2
Centro;2024;20;95;6;0,0;0,0;1,5253154449428943;0,0;91,09953516724195;0,0026;41142;2819,75;3;2
Sampaio;2019;4;96;1;0,0;3,314866;0,0;0,0;88,74906195321756;0,1203;10895;2240,6;12;5
Sampaio;2020;0;96;2;0,0;3,314866;0,0;0,0;88,74906195321756;0,1203;10895;2240,6;15;4
Sampaio;2021;2;96;3;0,0;3,314866;0,0;0,0;88,74906195321756;0,1203;10895;2240,6;5;0
Sampaio;2022;2;96;4;0,0;3,314866;0,0;0,0;88,74906195321756;0,1203;10895;2240,6;2;1
Sampaio;2023;0;96;5;0,0;3,314866;0,0;0,0;88,74906195321756;0,1203;10895;2240,6;3;0
Sampaio;2024;5;96;6;0,0;3,314866;0,0;0,0;88,74906195321756;0,1203;10895;2240,6;5;2
Riachuelo;2019;0;97;1;0,0;0,0;0,0;0,0;94,41117449030747;0,0;12653;3456,15;16;2
Riachuelo;2020;1;97;2;0,0;0,0;0,0;0,0;94,41117449030747;0,0;12653;3456,15;6;2
Riachuelo;2021;3;97;3;0,0;0,0;0,0;0,0;94,41117449030747;0,0;12653;3456,15;4;1
Riachuelo;2022;0;97;4;0,0;0,0;0,0;0,0;94,41117449030747;0,0;12653;3456,15;3;2
Riachuelo;2023;1;97;5;0,0;0,0;0,0;0,0;94,41117449030747;0,0;12653;3456,15;1;0
Riachuelo;2024;0;97;6;0,0;0,0;0,0;0,0;94,41117449030747;0,0;12653;3456,15;0;0
Saúde;2019;0;98;1;0,0;0,0;2,171159;0,0;88,11206196012175;0,0;2749;1913,78;0;0
Saúde;2020;0;98;2;0,0;0,0;2,171159;0,0;88,11206196012175;0,0;2749;1913,78;1;0
Saúde;2021;0;98;3;0,0;0,0;2,171159;0,0;88,11206196012175;0,0;2749;1913,78;1;1
Saúde;2022;0;98;4;0,0;0,0;2,171159;0,0;88,11206196012175;0,0;2749;1913,78;0;0
Saúde;2023;0;98;5;0,0;0,0;2,171159;0,0;88,11206196012175;0,0;2749;1913,78;1;1
Saúde;2024;0;98;6;0,0;0,0;0,0;0,0;88,11206196012175;0,0;2749;1913,78;0;0
São Francisco Xavier;2019;0;99;1;0,0;1,316514;0,0;0,0;86,84432628141752;0,3373;8343;3012,73;4;1
São Francisco Xavier;2020;1;99;2;0,0;1,316514;0,0;0,0;86,84432628141752;0,3373;8343;3012,73;0;0
São Francisco Xavier;2021;1;99;3;0,0;1,316514;0,0;0,0;86,84432628141752;0,3373;8343;3012,73;2;1
São Francisco Xavier;2022;0;99;4;0,0;1,316514;0,0;0,0;86,84432628141752;0,3373;8343;3012,73;1;1
São Francisco Xavier;2023;0;99;5;0,0;1,316514;0,0;0,0;86,84432628141752;0,3373;8343;3012,73;0;0
São Francisco Xavier;2024;0;99;6;0,0;1,316514;0,0;0,0;86,84432628141752;0,3373;8343;3012,73;1;0
Engenho Novo;2019;18;100;1;0,156924;18,625252;0,006053;0,0;98,0122801676648;0,2578;42172;2859,72;59;21
Engenho Novo;2020;14;100;2;0,156924;18,625252;0,006053;0,0;98,0122801676648;0,2578;42172;2859,72;29;12
Engenho Novo;2021;8;100;3;0,156924;18,625252;0,006053;0,0;98,0122801676648;0,2578;42172;2859,72;22;6
Engenho Novo;2022;5;100;4;0,156924;18,625252;0,006053;0,0;98,0122801676648;0,2578;42172;2859,72;28;2
Engenho Novo;2023;6;100;5;0,156924;18,625252;0,006053;0,0;98,0122801676648;0,2578;42172;2859,72;14;4
Engenho Novo;2024;8;100;6;0,156924;18,625252;0,006053;0,0;98,0122801676648;0,2578;42172;2859,72;8;4
Mangueira;2019;4;101;1;0,0;46,122249;0,0;0,0;91,1570446023513;0,0;17835;1435,79;54;21
Mangueira;2020;1;101;2;0,0;46,122249;0,0;0,0;91,1570446023513;0,0;17835;1435,79;29;5
Mangueira;2021;1;101;3;0,0;46,122249;0,0;0,0;91,1570446023513;0,0;17835;1435,79;22;8
Mangueira;2022;0;101;4;0,0;46,122249;0,0;0,0;91,1570446023513;0,0;17835;1435,79;7;0
Mangueira;2023;3;101;5;0,0;35,090308;0,0;0,0;91,1570446023513;0,0;17835;1435,79;9;4
Mangueira;2024;3;101;6;0,0;46,122249;0,0;0,0;91,1570446023513;0,0;17835;1435,79;17;3
Tanque;2019;10;102;1;0,0;0,0017000000000000001;56,87040999999999;0,0;92,04672988586454;0,232;37856;2486,53;27;3
Tanque;2020;5;102;2;0,0;0,0;57,671807;0,0;92,04672988586454;0,232;37856;2486,53;9;0
Tanque;2021;3;102;3;0,0;0,0;56,511921;0,0;92,04672988586454;0,232;37856;2486,53;12;0
Tanque;2022;9;102;4;0,0;0,0;49,76834900000001;0,0;92,04672988586454;0,232;37856;2486,53;42;8
Tanque;2023;25;102;5;0,0;1,022741;36,399113;0,0;92,04672988586454;0,232;37856;2486,53;66;15
Tanque;2024;20;102;6;0,0;4,466674;25,889467;0,0;92,04672988586454;0,232;37856;2486,53;26;15
Taquara;2019;20;103;1;0,0;1,270482;58,099284000000004;0,0;91,09484355022076;0,1467;102126;3170,82;47;10
Taquara;2020;3;103;2;0,0;1,270482;56,592712;0,0;91,09484355022076;0,1467;102126;3170,82;9;3
Taquara;2021;17;103;3;0,0;1,270482;53,141451;0,0;91,09484355022076;0,1467;102126;3170,82;18;1
Taquara;2022;22;103;4;0,0;1,270482;52,341696;0,0;91,09484355022076;0,1467;102126;3170,82;23;10
Taquara;2023;22;103;5;0,0;1,328982;53,969473;0,0;91,09484355022076;0,1467;102126;3170,82;29;11
Taquara;2024;37;103;6;0,0;2,813914;49,917243;0,0;91,09484355022076;0,1467;102126;3170,82;22;9
Água Santa;2019;18;104;1;0,0;0,363822;15,337779;0,0;37,49582736829227;0,1771;8756;2989,23;33;13
Água Santa;2020;1;104;2;0,0;0,363822;4,871131;0,0;37,49582736829227;0,1771;8756;2989,23;17;2
Água Santa;2021;2;104;3;0,0;0,363822;7,682472;0,0;37,49582736829227;0,1771;8756;2989,23;10;3
Água Santa;2022;1;104;4;0,0;0,363822;2,853545;0,0;37,49582736829227;0,1771;8756;2989,23;17;10
Água Santa;2023;6;104;5;0,0;0,363822;2,855308;0,0;37,49582736829227;0,1771;8756;2989,23;9;7
Água Santa;2024;0;104;6;0,0;0,363822;2,853545;0,0;37,49582736829227;0,1771;8756;2989,23;2;1
Lins de Vasconcelos;2019;13;105;1;0,0;26,487297;0,0;0,0;89,67750571851589;0,3889;37487;3061,01;64;31
Lins de Vasconcelos;2020;5;105;2;0,0;26,487297;0,0;0,0;89,67750571851589;0,3889;37487;3061,01;45;18
Lins de Vasconcelos;2021;5;105;3;0,0;26,487297;0,0;0,0;89,67750571851589;0,3889;37487;3061,01;26;10
Lins de Vasconcelos;2022;3;105;4;0,0;26,487297;0,0;0,0;89,67750571851589;0,3889;37487;3061,01;41;18
Lins de Vasconcelos;2023;3;105;5;0,0;26,487297;0,0;0,0;89,67750571851589;0,3889;37487;3061,01;10;3
Lins de Vasconcelos;2024;6;105;6;0,0;26,487297;0,0;0,0;89,67750571851589;0,3889;37487;3061,01;10;3
Freguesia (Jacarepaguá);2019;2;106;1;0,0;3,4015650000000006;7,864417000000001;0,0;87,77320656485811;0,0943;70511;4835,78;2;1
Freguesia (Jacarepaguá);2020;1;106;2;0,0;2,727448;8,538534;0,0;87,77320656485811;0,0943;70511;4835,78;11;4
Freguesia (Jacarepaguá);2021;3;106;3;0,0;2,740904;6,270924;0,0;87,77320656485811;0,0943;70511;4835,78;6;1
Freguesia (Jacarepaguá);2022;3;106;4;0,0;4,144338;2,238039;0,0;87,77320656485811;0,0943;70511;4835,78;8;2
Freguesia (Jacarepaguá);2023;10;106;5;0,0;3,6572310000000003;3,035508;0,0;87,77320656485811;0,0943;70511;4835,78;27;7
Freguesia (Jacarepaguá);2024;5;106;6;0,0;4,624736;2,144052;0,0;87,77320656485811;0,0943;70511;4835,78;19;6
Cidade Nova;2019;7;107;1;0,0;0,00609;0,0;0,0;71,36674134753052;0,0;5466;2347,18;5;4
Cidade Nova;2020;3;107;2;0,0;0,00609;0,0;0,0;71,36674134753052;0,0;5466;2347,18;1;0
Cidade Nova;2021;5;107;3;0,0;0,00609;0,0;0,0;71,36674134753052;0,0;5466;2347,18;3;2
Cidade Nova;2022;5;107;4;0,0;0,00609;0,0;0,0;71,36674134753052;0,0;5466;2347,18;3;0
Cidade Nova;2023;2;107;5;0,0;0,00609;0,000945;0,0;71,36674134753052;0,0;5466;2347,18;5;2
Cidade Nova;2024;1;107;6;0,0;0,00609;0,0;0,0;71,36674134753052;0,0;5466;2347,18;2;0
Praça da Bandeira;2019;2;108;1;0,0;0,0;0,0;0,0;92,54400767055236;0,0;8662;4581,02;2;0
Praça da Bandeira;2020;4;108;2;0,0;0,0;0,0;0,0;92,54400767055236;0,0;8662;4581,02;2;1
Praça da Bandeira;2021;2;108;3;0,0;0,0;0,0;0,0;92,54400767055236;0,0;8662;4581,02;5;3
Praça da Bandeira;2022;4;108;4;0,0;0,0;0,0;0,0;92,54400767055236;0,0;8662;4581,02;3;0
Praça da Bandeira;2023;3;108;5;0,0;0,0;28,706403000000005;0,0;92,54400767055236;0,0;8662;4581,02;2;0
Praça da Bandeira;2024;3;108;6;0,0;0,0;0,0;0,0;92,54400767055236;0,0;8662;4581,02;2;0
Vila Isabel;2019;7;109;1;8,337424;0,0;0,0;0,0;97,50743963293849;0,2218;86018;4561,44;55;17
Vila Isabel;2020;12;109;2;8,337424;0,0;0,0;0,0;97,50743963293849;0,2218;86018;4561,44;41;20
Vila Isabel;2021;10;109;3;8,337424;0,0;0,0;0,0;97,50743963293849;0,2218;86018;4561,44;56;20
Vila Isabel;2022;7;109;4;8,337424;0,0;0,0;0,0;97,50743963293849;0,2218;86018;4561,44;55;9
Vila Isabel;2023;5;109;5;8,337424;0,0;0,0;0,0;97,50743963293849;0,2218;86018;4561,44;25;2
Vila Isabel;2024;17;109;6;8,337424;0,0;0,0;0,0;97,50743963293849;0,2218;86018;4561,44;88;8
Maracanã;2019;5;110;1;0,0;0,416367;0,0;0,0;98,08264495722835;0,0;25256;6260,25;9;2
Maracanã;2020;0;110;2;0,0;0,416367;0,0;0,0;98,08264495722835;0,0;25256;6260,25;2;0
Maracanã;2021;1;110;3;0,0;0,416367;0,0;0,0;98,08264495722835;0,0;25256;6260,25;7;4
Maracanã;2022;1;110;4;0,0;0,416367;0,0;0,0;98,08264495722835;0,0;25256;6260,25;6;4
Maracanã;2023;1;110;5;0,0;0,416367;0,0;0,0;98,08264495722835;0,0;25256;6260,25;6;1
Maracanã;2024;1;110;6;0,0;0,416367;0,0;0,0;98,08264495722835;0,0;25256;6260,25;15;4
Glória;2019;2;111;1;0,0;0,0;0,0;0,0;95,93130914166564;0,0;9661;4711,03;6;2
Glória;2020;2;111;2;0,0;0,0;0,0;0,0;95,93130914166564;0,0;9661;4711,03;2;0
Glória;2021;1;111;3;0,0;0,0;0,0;0,0;95,93130914166564;0,0;9661;4711,03;2;1
Glória;2022;0;111;4;0,0;0,0;0,0;0,0;95,93130914166564;0,0;9661;4711,03;1;1
Glória;2023;1;111;5;0,0;0,0;0,0;0,0;95,93130914166564;0,0;9661;4711,03;3;1
Glória;2024;1;111;6;0,0;0,0;0,0;0,0;95,93130914166564;0,0;9661;4711,03;0;0
Rio Comprido;2019;12;112;1;3,112002;11,908525;0,0;0,0;88,92207701323271;0,1515;43764;2873,0;52;21
Rio Comprido;2020;20;112;2;3,0870210000000005;11,908525;0,0;0,02498;88,92207701323271;0,1515;43764;2873,0;32;8
Rio Comprido;2021;15;112;3;3,0870210000000005;11,908525;0,0;0,02498;88,92207701323271;0,1515;43764;2873,0;63;14
Rio Comprido;2022;15;112;4;1,7253839999999998;11,908525;0,0;1,3866179999999997;88,92207701323271;0,1515;43764;2873,0;29;12
Rio Comprido;2023;8;112;5;1,7253839999999998;11,908525;0,0;1,3866179999999997;88,92207701323271;0,1515;43764;2873,0;12;5
Rio Comprido;2024;6;112;6;1,7253839999999998;11,908525;0,0;1,3866179999999997;88,92207701323271;0,1515;43764;2873,0;9;3
Santa Teresa;2019;22;113;1;1,6751870000000002;4,023967;0,066328;0,0;90,32295759594544;0,2143;40926;2943,94;54;27
Santa Teresa;2020;10;113;2;0,0;5,699154;0,066328;0,0;90,32295759594544;0,2143;40926;2943,94;42;11
Santa Teresa;2021;4;113;3;0,0;5,699154;0,066328;0,0;90,32295759594544;0,2143;40926;2943,94;43;8
Santa Teresa;2022;2;113;4;0,0;5,699154;0,066328;0,0;90,32295759594544;0,2143;40926;2943,94;33;12
Santa Teresa;2023;3;113;5;0,0;5,699154;0,066328;0,0;90,32295759594544;0,2143;40926;2943,94;10;6
Santa Teresa;2024;2;113;6;0,0;5,699154;0,066328;0,0;90,32295759594544;0,2143;40926;2943,94;12;4
Estácio;2019;8;114;1;15,959526999999998;0,0;0,0;0,0;86,0789424882081;0,0156;17189;2224,45;27;8
Estácio;2020;4;114;2;0,566733;0,0;0,0;15,392794;86,0789424882081;0,0156;17189;2224,45;22;7
Estácio;2021;6;114;3;0,566733;0,0;0,0;15,392794;86,0789424882081;0,0156;17189;2224,45;9;2
Estácio;2022;7;114;4;0,515102;0,0;0,0;15,444425;86,0789424882081;0,0156;17189;2224,45;12;4
Estácio;2023;4;114;5;0,515102;0,0;0,0;15,444425;86,0789424882081;0,0156;17189;2224,45;9;0
Estácio;2024;1;114;6;0,515102;0,0;0,0;15,444425;86,0789424882081;0,0156;17189;2224,45;8;3
Tijuca;2019;27;115;1;0,191018;7,336107;0,0;0,846112;95,30517419315966;0,0101;163805;6098,69;181;23
Tijuca;2020;11;115;2;0,191018;7,336107;0,0;0,846112;95,30517419315966;0,0101;163805;6098,69;117;25
Tijuca;2021;18;115;3;0,191018;7,271475;6,661543;0,9107440000000001;95,30517419315966;0,0101;163805;6098,69;97;26
Tijuca;2022;12;115;4;0,191018;7,270495;6,661543;0,9107440000000001;95,30517419315966;0,0101;163805;6098,69;32;13
Tijuca;2023;5;115;5;0,191018;4,500936;0,0;4,303398;95,30517419315966;0,0101;163805;6098,69;19;5
Tijuca;2024;7;115;6;0,191018;4,500936;0,0;4,303398;95,30517419315966;0,0101;163805;6098,69;32;14
Catumbi;2019;19;116;1;27,032414;0,0;0,0;0,0;94,16137926458174;0,0;12556;1948,23;24;5
Catumbi;2020;11;116;2;3,868601;0,0;0,0;23,163813;94,16137926458174;0,0;12556;1948,23;10;3
Catumbi;2021;5;116;3;3,868601;0,0;0,0;23,163813;94,16137926458174;0,0;12556;1948,23;12;1
Catumbi;2022;2;116;4;3,857743;0,0;0,0;23,17467;94,16137926458174;0,0;12556;1948,23;9;2
Catumbi;2023;3;116;5;3,857743;0,0;0,0;23,17467;94,16137926458174;0,0;12556;1948,23;6;3
Catumbi;2024;3;116;6;3,857743;0,0;0,0;23,17467;94,16137926458174;0,0;12556;1948,23;4;1
Grajaú;2019;1;117;1;0,0;4,959042;0,7446020000000001;0,0;94,87388879676134;0,0;38671;5384,55;4;1
Grajaú;2020;1;117;2;0,0;4,959042;0,0;0,0;94,87388879676134;0,0;38671;5384,55;15;4
Grajaú;2021;2;117;3;0,0;4,959042;0,02146;0,0;94,87388879676134;0,0;38671;5384,55;48;13
Grajaú;2022;7;117;4;0,0;4,959042;0,02146;0,0;94,87388879676134;0,0;38671;5384,55;20;1
Grajaú;2023;3;117;5;0,0;4,959042;0,0;0,0;94,87388879676134;0,0;38671;5384,55;2;0
Grajaú;2024;2;117;6;0,0;4,959042;0,0;0,0;94,87388879676134;0,0;38671;5384,55;7;3
Pechincha;2019;1;118;1;0,0;1,163668;2,08205;0,0;94,45669861830754;0,0605;34709;4370,99;8;1
Pechincha;2020;0;118;2;0,0;1,163668;2,08205;0,0;94,45669861830754;0,0605;34709;4370,99;0;0
Pechincha;2021;1;118;3;0,0;2,075601;2,072904;0,0;94,45669861830754;0,0605;34709;4370,99;4;2
Pechincha;2022;0;118;4;0,0;2,075601;2,072904;0,0;94,45669861830754;0,0605;34709;4370,99;7;2
Pechincha;2023;5;118;5;0,0;0,000455;2,072904;0,0;94,45669861830754;0,0605;34709;4370,99;7;2
Pechincha;2024;1;118;6;0,0;0,0;2,072904;0,0;94,45669861830754;0,0605;34709;4370,99;3;0
Andaraí;2019;3;119;1;0,0;13,651216;0,0;0,0;95,99841478642549;0,0096;39365;4499,25;20;7
Andaraí;2020;4;119;2;0,0;13,651216;0,0;0,0;95,99841478642549;0,0096;39365;4499,25;56;11
Andaraí;2021;4;119;3;0,0;13,315635;34,992635;0,335581;95,99841478642549;0,0096;39365;4499,25;47;15
Andaraí;2022;4;119;4;0,0;6,826712;34,992635;0,335581;95,99841478642549;0,0096;39365;4499,25;20;5
Andaraí;2023;4;119;5;0,0;6,253251;0,0;7,661313;95,99841478642549;0,0096;39365;4499,25;8;0
Andaraí;2024;2;119;6;0,0;6,253251;0,0;7,661313;95,99841478642549;0,0096;39365;4499,25;8;1
Catete;2019;1;120;1;0,0;6,552138;0,0;0,0;96,86269041439444;0,09;24057;4880,73;7;2
Catete;2020;0;120;2;0,0;6,552138;0,0;0,0;96,86269041439444;0,09;24057;4880,73;3;0
Catete;2021;0;120;3;0,0;6,552138;0,0;0,0;96,86269041439444;0,09;24057;4880,73;5;0
Catete;2022;2;120;4;0,0;6,552138;0,0;0,0;96,86269041439444;0,09;24057;4880,73;9;5
Catete;2023;0;120;5;0,0;6,552138;0,0;0,0;96,86269041439444;0,09;24057;4880,73;8;3
Catete;2024;1;120;6;0,0;6,552138;0,0;0,0;96,86269041439444;0,09;24057;4880,73;3;0
Flamengo;2019;2;121;1;1,3488019999999998;0,0;0,0;0,0;98,97373372276572;0,0;50043;7616,23;5;2
Flamengo;2020;3;121;2;1,3488019999999998;0,0;0,0;0,0;98,97373372276572;0,0;50043;7616,23;3;1
Flamengo;2021;1;121;3;1,3488019999999998;0,0;0,0;0,0;98,97373372276572;0,0;50043;7616,23;3;1
Flamengo;2022;4;121;4;1,3488019999999998;0,0;0,0;0,0;98,97373372276572;0,0;50043;7616,23;7;2
Flamengo;2023;2;121;5;1,3488019999999998;0,0;0,0;0,0;98,97373372276572;0,0;50043;7616,23;5;2
Flamengo;2024;2;121;6;1,3488019999999998;0,0;0,0;0,0;98,97373372276572;0,0;50043;7616,23;4;0
Laranjeiras;2019;0;122;1;0,084608;3,060537;0,0;0,0;97,75741964717533;0,0;45554;7861,97;5;0
Laranjeiras;2020;3;122;2;0,084608;3,060537;0,0;0,0;97,75741964717533;0,0;45554;7861,97;3;3
Laranjeiras;2021;0;122;3;0,084608;3,060537;0,0;0,0;97,75741964717533;0,0;45554;7861,97;2;1
Laranjeiras;2022;1;122;4;0,084608;3,060537;0,0;0,0;97,75741964717533;0,0;45554;7861,97;6;3
Laranjeiras;2023;1;122;5;0,084608;3,060537;0,0;0,0;97,75741964717533;0,0;45554;7861,97;4;1
Laranjeiras;2024;0;122;6;0,084608;3,060537;0,0;0,0;97,75741964717533;0,0;45554;7861,97;0;0
Guaratiba;2019;14;123;1;0,0;0,0;8,963067848553695;0,0;71,25033287665525;0,2464;110049;1486,88;3;0
Guaratiba;2020;18;123;2;0,0;0,0;8,389712041235548;0,0;71,25033287665525;0,2464;110049;1486,88;1;1
Guaratiba;2021;10;123;3;0,0;0,0;8,734307369894696;0,0;71,25033287665525;0,2464;110049;1486,88;1;0
Guaratiba;2022;10;123;4;0,0;0,0;7,389761214980776;0,0;71,25033287665525;0,2464;110049;1486,88;7;2
Guaratiba;2023;17;123;5;0,0;0,0;7,855496320092347;0,0;71,25033287665525;0,2464;110049;1486,88;8;0
Guaratiba;2024;18;123;6;0,0;0,0;9,736170062919461;0,0;71,25033287665525;0,2464;110049;1486,88;18;2
Vargem Grande;2019;3;124;1;0,0;0,0;13,931013000000002;0,0;37,07904276080493;0,414;14039;2562,33;0;0
Vargem Grande;2020;7;124;2;0,0;0,0;15,029754999999998;0,0;37,07904276080493;0,414;14039;2562,33;1;0
Vargem Grande;2021;5;124;3;0,0;0,0;16,037934;0,0;37,07904276080493;0,414;14039;2562,33;0;0
Vargem Grande;2022;7;124;4;0,0;0,0;16,630378;0,0;37,07904276080493;0,414;14039;2562,33;1;0
Vargem Grande;2023;21;124;5;0,0;0,0;16,037934;0,0;37,07904276080493;0,414;14039;2562,33;10;4
Vargem Grande;2024;8;124;6;0,0;0,0;16,630378;0,0;37,07904276080493;0,414;14039;2562,33;5;1
Alto da Boa Vista;2019;2;125;1;0,001374;0,691381;0,006372;0,0;47,35488084341408;0,0855;9343;3908,56;3;1
Alto da Boa Vista;2020;0;125;2;0,0;0,692755;0,006372;0,0;47,35488084341408;0,0855;9343;3908,56;4;1
Alto da Boa Vista;2021;3;125;3;0,0;0,692755;0,006372;0,0;47,35488084341408;0,0855;9343;3908,56;4;0
Alto da Boa Vista;2022;0;125;4;0,0;0,692755;0,006372;0,0;47,35488084341408;0,0855;9343;3908,56;3;1
Alto da Boa Vista;2023;0;125;5;0,0;0,692755;0,006372;0,0;47,35488084341408;0,0855;9343;3908,56;0;0
Alto da Boa Vista;2024;1;125;6;0,0;0,692755;0,006372;0,0;47,35488084341408;0,0855;9343;3908,56;0;0
Cosme Velho;2019;0;126;1;0,0;10,852319;0,0;0,0;96,3485224745106;0,021;7178;7874,71;2;0
Cosme Velho;2020;1;126;2;0,0;10,852319;0,0;0,0;96,3485224745106;0,021;7178;7874,71;8;2
Cosme Velho;2021;1;126;3;0,0;10,852319;0,0;0,0;96,3485224745106;0,021;7178;7874,71;9;0
Cosme Velho;2022;2;126;4;0,0;10,852319;0,0;0,0;96,3485224745106;0,021;7178;7874,71;3;0
Cosme Velho;2023;0;126;5;0,0;10,852319;0,0;0,0;96,3485224745106;0,021;7178;7874,71;5;0
Cosme Velho;2024;0;126;6;0,0;10,852319;0,0;0,0;96,3485224745106;0,021;7178;7874,71;0;0
Curicica;2019;5;127;1;0,0;0,0;70,119498;0,0;91,1664274503524;0,1542;31189;2310,99;5;0
Curicica;2020;6;127;2;0,0;0,0;70,119498;0,0;91,1664274503524;0,1542;31189;2310,99;7;0
Curicica;2021;5;127;3;0,0;0,0;66,205303;0,0;91,1664274503524;0,1542;31189;2310,99;10;0
Curicica;2022;3;127;4;0,0;0,0;70,119498;0,0;91,1664274503524;0,1542;31189;2310,99;11;2
Curicica;2023;14;127;5;0,0;0,0;68,658171;0,0;91,1664274503524;0,1542;31189;2310,99;18;4
Curicica;2024;6;127;6;0,0;0,0;62,497383;0,0;91,1664274503524;0,1542;31189;2310,99;4;2
Botafogo;2019;6;128;1;0,003006;2,824532;0,0;0,0;97,66361971832264;0,0203;82890;7108,48;20;14
Botafogo;2020;5;128;2;0,003006;3,494877;0,0;0,0;97,66361971832264;0,0203;82890;7108,48;14;2
Botafogo;2021;1;128;3;0,003006;3,494877;0,0;0,0;97,66361971832264;0,0203;82890;7108,48;3;2
Botafogo;2022;0;128;4;0,003006;1,390567;0,0;0,0;97,66361971832264;0,0203;82890;7108,48;7;3
Botafogo;2023;3;128;5;0,003006;3,494877;0,0;0,0;97,66361971832264;0,0203;82890;7108,48;5;2
Botafogo;2024;2;128;6;0,003006;1,390567;0,0;0,0;97,66361971832264;0,0203;82890;7108,48;0;0
Urca;2019;0;129;1;0,0;0,0;0,0;0,0;76,15447114971148;0,0;7061;8765,08;0;0
Urca;2020;0;129;2;0,0;0,0;0,0;0,0;76,15447114971148;0,0;7061;8765,08;0;0
Urca;2021;0;129;3;0,0;0,0;0,0;0,0;76,15447114971148;0,0;7061;8765,08;1;1
Urca;2022;0;129;4;0,0;0,0;0,0;0,0;76,15447114971148;0,0;7061;8765,08;0;0
Urca;2023;0;129;5;0,0;0,0;0,0;0,0;76,15447114971148;0,0;7061;8765,08;0;0
Urca;2024;1;129;6;0,0;0,0;0,0;0,0;76,15447114971148;0,0;7061;8765,08;0;0
Cidade de Deus;2019;28;130;1;0,0;85,868235;0,0;0,0;97,19846015496498;0,1223;36515;1437,93;266;99
Cidade de Deus;2020;6;130;2;0,0;85,868235;0,24000599999999997;0,0;97,19846015496498;0,1223;36515;1437,93;123;38
Cidade de Deus;2021;7;130;3;0,0;85,868235;0,24000599999999997;0,0;97,19846015496498;0,1223;36515;1437,93;48;8
Cidade de Deus;2022;6;130;4;0,0;85,868235;0,24000599999999997;0,0;97,19846015496498;0,1223;36515;1437,93;31;15
Cidade de Deus;2023;9;130;5;0,0;85,791667;0,24000599999999997;0,0;97,19846015496498;0,1223;36515;1437,93;65;37
Cidade de Deus;2024;6;130;6;0,0;84,050868;0,24000599999999997;0,0;97,19846015496498;0,1223;36515;1437,93;30;18
Sepetiba;2019;3;131;1;0,0;0,0;68,052785;0,0;82,19716329921913;0,0394;56575;1422,85;2;0
Sepetiba;2020;4;131;2;0,0;0,0;62,483633000000005;0,0;82,19716329921913;0,0394;56575;1422,85;0;0
Sepetiba;2021;10;131;3;0,0;0,0;52,134245;0,0;82,19716329921913;0,0394;56575;1422,85;2;1
Sepetiba;2022;5;131;4;0,0;0,0;62,766867;0,0;82,19716329921913;0,0394;56575;1422,85;2;0
Sepetiba;2023;8;131;5;0,0;0,0;51,339361999999994;0,0;82,19716329921913;0,0394;56575;1422,85;3;0
Sepetiba;2024;7;131;6;0,0;0,0;42,320842;0,0;82,19716329921913;0,0394;56575;1422,85;4;1
Anil;2019;4;132;1;0,0;0,054926;39,87108;0,0;89,58254436079804;0,3418;24172;4596,06;4;0
Anil;2020;2;132;2;0,0;0,054926;32,038283;0,0;89,58254436079804;0,3418;24172;4596,06;2;1
Anil;2021;4;132;3;0,0;0,054926;25,466846999999998;0,0;89,58254436079804;0,3418;24172;4596,06;4;0
Anil;2022;3;132;4;0,0;0,054926;31,895235;0,0;89,58254436079804;0,3418;24172;4596,06;3;0
Anil;2023;22;132;5;0,0;0,054926;36,796782;0,0;89,58254436079804;0,3418;24172;4596,06;17;2
Anil;2024;20;132;6;0,0;0,054926;39,794146;0,0;89,58254436079804;0,3418;24172;4596,06;13;1
Jacarepaguá;2019;31;133;1;0,0;0,299217;18,237102;0,0;76,24465609952325;0,5451;157326;2282,28;6;0
Jacarepaguá;2020;15;133;2;0,0;0,299217;18,631373;0,0;76,24465609952325;0,5451;157326;2282,28;5;2
Jacarepaguá;2021;13;133;3;0,0;0,299217;18,919253;0,0;76,24465609952325;0,5451;157326;2282,28;11;1
Jacarepaguá;2022;16;133;4;0,0;0,299763;17,217101;0,0;76,24465609952325;0,5451;157326;2282,28;13;4
Jacarepaguá;2023;31;133;5;0,0;0,369792;15,415625000000002;0,0;76,24465609952325;0,5451;157326;2282,28;14;0
Jacarepaguá;2024;29;133;6;0,0;0,715679;15,939234;0,0;76,24465609952325;0,5451;157326;2282,28;16;4
Camorim;2019;0;134;1;0,0;0,0;0,179517;0,0;47,69081811802734;0,5873;1970;3939,4;0;0
Camorim;2020;1;134;2;0,0;0,0;13,574;0,0;47,69081811802734;0,5873;1970;3939,4;0;0
Camorim;2021;1;134;3;0,0;0,0;13,574;0,0;47,69081811802734;0,5873;1970;3939,4;1;0
Camorim;2022;0;134;4;0,0;0,0;13,574;0,0;47,69081811802734;0,5873;1970;3939,4;0;0
Camorim;2023;7;134;5;0,0;0,0;13,574;0,0;47,69081811802734;0,5873;1970;3939,4;3;0
Camorim;2024;1;134;6;0,0;0,0;9,292658;0,0;47,69081811802734;0,5873;1970;3939,4;0;0
Humaitá;2019;1;135;1;0,0;0,526084;0,0;0,0;99,64777157966464;0,0;13285;8059,78;2;2
Humaitá;2020;0;135;2;0,0;0,526084;0,0;0,0;99,64777157966464;0,0;13285;8059,78;2;1
Humaitá;2021;1;135;3;0,0;0,526084;0,0;0,0;99,64777157966464;0,0;13285;8059,78;1;0
Humaitá;2022;0;135;4;0,0;0,526084;0,0;0,0;99,64777157966464;0,0;13285;8059,78;0;0
Humaitá;2023;3;135;5;0,0;0,526084;0,0;0,0;99,64777157966464;0,0;13285;8059,78;1;0
Humaitá;2024;0;135;6;0,0;0,526084;0,0;0,0;99,64777157966464;0,0;13285;8059,78;1;0
Gardênia Azul;2019;8;136;1;0,0;1,272428;75,324757;0,0;90,0670561872985;0,4298;17715;1847,88;4;0
Gardênia Azul;2020;8;136;2;0,0;1,272428;79,939401;0,0;90,0670561872985;0,4298;17715;1847,88;5;1
Gardênia Azul;2021;11;136;3;0,0;1,272428;79,939401;0,0;90,0670561872985;0,4298;17715;1847,88;5;0
Gardênia Azul;2022;3;136;4;0,0;1,272428;79,939401;0,0;90,0670561872985;0,4298;17715;1847,88;3;1
Gardênia Azul;2023;18;136;5;0,0;1,272428;79,939401;0,0;90,0670561872985;0,4298;17715;1847,88;20;4
Gardênia Azul;2024;20;136;6;0,0;1,272428;79,939401;0,0;90,0670561872985;0,4298;17715;1847,88;52;13
Jardim Botânico;2019;0;137;1;0,0;0,0;0,0;0,0;96,30822258321136;0,0539;18009;10289,47;1;0
Jardim Botânico;2020;0;137;2;0,0;0,0;0,0;0,0;96,30822258321136;0,0539;18009;10289,47;2;1
Jardim Botânico;2021;0;137;3;0,0;0,0;0,0;0,0;96,30822258321136;0,0539;18009;10289,47;0;0
Jardim Botânico;2022;0;137;4;0,0;0,0;0,0;0,0;96,30822258321136;0,0539;18009;10289,47;0;0
Jardim Botânico;2023;0;137;5;0,0;0,0;0,0;0,0;96,30822258321136;0,0539;18009;10289,47;0;0
Jardim Botânico;2024;0;137;6;0,0;0,0;0,0;0,0;96,30822258321136;0,0539;18009;10289,47;0;0
Vargem Pequena;2019;3;138;1;0,0;0,0;19,922121999999998;0,0;69,50189611617661;0,1236;27250;2215,86;2;0
Vargem Pequena;2020;1;138;2;0,0;0,0;24,463559999999998;0,0;69,50189611617661;0,1236;27250;2215,86;0;0
Vargem Pequena;2021;1;138;3;0,0;0,0;24,463559999999998;0,0;69,50189611617661;0,1236;27250;2215,86;2;0
Vargem Pequena;2022;1;138;4;0,0;0,0;22,870266;0,0;69,50189611617661;0,1236;27250;2215,86;0;0
Vargem Pequena;2023;3;138;5;0,0;0,0;23,287425;0,0;69,50189611617661;0,1236;27250;2215,86;10;1
Vargem Pequena;2024;13;138;6;0,0;0,002128;17,755058;0,0;69,50189611617661;0,1236;27250;2215,86;22;8
Copacabana;2019;12;139;1;0,0;5,559386;0,0;0,0;98,60510524222065;0,019;146392;6668,37;78;23
Copacabana;2020;4;139;2;0,0;5,559386;0,0;0,0;98,60510524222065;0,019;146392;6668,37;36;4
Copacabana;2021;4;139;3;0,0;5,559386;0,0;0,0;98,60510524222065;0,019;146392;6668,37;15;4
Copacabana;2022;7;139;4;0,0;5,384797;0,0;0,0;98,60510524222065;0,019;146392;6668,37;12;2
Copacabana;2023;6;139;5;0,0;5,559386;0,0;0,0;98,60510524222065;0,019;146392;6668,37;14;1
Copacabana;2024;3;139;6;0,0;5,384797;0,0;0,0;98,60510524222065;0,019;146392;6668,37;7;2
Leme;2019;2;140;1;0,0;13,935825;0,0;0,0;99,25262739264636;0,0;14799;7226,74;20;9
Leme;2020;3;140;2;0,0;13,935825;0,0;0,0;99,25262739264636;0,0;14799;7226,74;12;2
Leme;2021;3;140;3;0,0;13,935825;0,0;0,0;99,25262739264636;0,0;14799;7226,74;6;3
Leme;2022;1;140;4;0,0;13,935825;0,0;0,0;99,25262739264636;0,0;14799;7226,74;2;1
Leme;2023;0;140;5;0,0;13,935825;0,0;0,0;99,25262739264636;0,0;14799;7226,74;3;2
Leme;2024;2;140;6;0,0;13,935825;0,0;0,0;99,25262739264636;0,0;14799;7226,74;1;1
Lagoa;2019;2;141;1;0,0;0,012159;0,0;0,0;96,914049208767;0,0;21198;14281,49;2;2
Lagoa;2020;0;141;2;0,0;0,012159;0,0;0,0;96,914049208767;0,0;21198;14281,49;2;2
Lagoa;2021;0;141;3;0,0;0,012159;0,0;0,0;96,914049208767;0,0;21198;14281,49;0;0
Lagoa;2022;1;141;4;0,0;0,012159;0,0;0,0;96,914049208767;0,0;21198;14281,49;2;1
Lagoa;2023;0;141;5;0,0;0,012159;0,0;0,0;96,914049208767;0,0;21198;14281,49;1;1
Lagoa;2024;1;141;6;0,0;0,012159;0,0;0,0;96,914049208767;0,0;21198;14281,49;2;0
Itanhangá;2019;23;142;1;0,0;2,190972;16,270935;0,0;66,81751645963149;0,4538;38415;3093,85;4;1
Itanhangá;2020;5;142;2;0,0;2,190972;16,958041;0,0;66,81751645963149;0,4538;38415;3093,85;1;1
Itanhangá;2021;7;142;3;0,0;2,190972;16,958041;0,0;66,81751645963149;0,4538;38415;3093,85;3;1
Itanhangá;2022;6;142;4;0,0;2,190972;16,958041;0,0;66,81751645963149;0,4538;38415;3093,85;6;2
Itanhangá;2023;43;142;5;0,0;2,190972;16,958041;0,0;66,81751645963149;0,4538;38415;3093,85;28;9
Itanhangá;2024;41;142;6;0,0;2,190972;18,76791;0,0;66,81751645963149;0,4538;38415;3093,85;72;21
Gávea;2019;3;143;1;0,704525;1,7667200000000003;0,0;0,0;98,92775953524578;0,1202;16003;8896,36;2;0
Gávea;2020;1;143;2;0,0;2,471245;0,0;0,0;98,92775953524578;0,1202;16003;8896,36;0;0
Gávea;2021;0;143;3;0,0;2,471245;0,0;0,0;98,92775953524578;0,1202;16003;8896,36;0;0
Gávea;2022;0;143;4;0,0;2,471245;0,0;0,0;98,92775953524578;0,1202;16003;8896,36;2;1
Gávea;2023;1;143;5;0,0;2,471245;0,0;0,0;98,92775953524578;0,1202;16003;8896,36;1;0
Gávea;2024;3;143;6;0,0;2,471245;0,0;0,0;98,92775953524578;0,1202;16003;8896,36;2;0
Barra da Tijuca;2019;8;144;1;0,0;0,0;0,343586;0,0;94,87865114349452;0,0134;135924;11579,0;13;3
Barra da Tijuca;2020;11;144;2;0,0;0,0;0,343586;0,0;94,87865114349452;0,0134;135924;11579,0;7;0
Barra da Tijuca;2021;11;144;3;0,0;0,0;0,343586;0,0;94,87865114349452;0,0134;135924;11579,0;11;5
Barra da Tijuca;2022;15;144;4;0,0;0,0;0,343586;0,0;94,87865114349452;0,0134;135924;11579,0;16;3
Barra da Tijuca;2023;24;144;5;0,0;0,0;0,343586;0,0;94,87865114349452;0,0134;135924;11579,0;9;2
Barra da Tijuca;2024;24;144;6;0,0;0,0;0,039165;0,0;94,87865114349452;0,0134;135924;11579,0;18;2
Leblon;2019;6;145;1;0,546009;0,0;0,0;0,0;98,9640464003092;0,0;46044;10987,49;3;0
Leblon;2020;2;145;2;0,546009;0,0;0,0;0,0;98,9640464003092;0,0;46044;10987,49;2;0
Leblon;2021;2;145;3;0,546009;0,0;0,0;0,0;98,9640464003092;0,0;46044;10987,49;3;0
Leblon;2022;3;145;4;0,0;0,546009;0,0;0,0;98,9640464003092;0,0;46044;10987,49;2;1
Leblon;2023;7;145;5;0,0;0,546009;0,0;0,0;98,9640464003092;0,0;46044;10987,49;1;0
Leblon;2024;3;145;6;0,0;0,546009;0,0;0,0;98,9640464003092;0,0;46044;10987,49;0;0
Ipanema;2019;3;146;1;0,0;1,53813;0,0;0,0;98,5970540329076;0,0;42743;10410,35;6;3
Ipanema;2020;3;146;2;0,0;1,53813;0,0;0,0;98,5970540329076;0,0;42743;10410,35;3;1
Ipanema;2021;4;146;3;0,0;1,53813;0,0;0,0;98,5970540329076;0,0;42743;10410,35;4;3
Ipanema;2022;2;146;4;0,0;1,53813;0,0;0,0;98,5970540329076;0,0;42743;10410,35;4;2
Ipanema;2023;1;146;5;0,0;1,53813;0,0;0,0;98,5970540329076;0,0;42743;10410,35;0;0
Ipanema;2024;0;146;6;0,0;1,53813;0,0;0,0;98,5970540329076;0,0;42743;10410,35;0;0
São Conrado;2019;2;147;1;0,510618;6,303489;0,0;0,0;98,35186592182885;0,0879;10980;12956,02;1;0
São Conrado;2020;0;147;2;0,310895;6,503212;0,0;0,0;98,35186592182885;0,0879;10980;12956,02;0;0
São Conrado;2021;1;147;3;0,310895;6,503212;0,0;0,0;98,35186592182885;0,0879;10980;12956,02;0;0
São Conrado;2022;1;147;4;0,310895;6,503212;0,0;0,0;98,35186592182885;0,0879;10980;12956,02;1;1
São Conrado;2023;0;147;5;0,310895;6,503212;0,0;0,0;98,35186592182885;0,0879;10980;12956,02;1;1
São Conrado;2024;1;147;6;0,310895;6,503212;0,0;0,0;98,35186592182885;0,0879;10980;12956,02;0;0
Rocinha;2019;8;148;1;0,0;60,094691;0,0;0,0;91,27593479413088;0,9999;69356;1209,2;49;10
Rocinha;2020;3;148;2;0,0;60,094691;0,0;0,0;91,27593479413088;0,9999;69356;1209,2;14;2
Rocinha;2021;1;148;3;0,0;60,094691;0,0;0,0;91,27593479413088;0,9999;69356;1209,2;22;2
Rocinha;2022;5;148;4;0,0;60,094691;0,0;0,0;91,27593479413088;0,9999;69356;1209,2;10;5
Rocinha;2023;2;148;5;0,0;60,094691;0,0;0,0;91,27593479413088;0,9999;69356;1209,2;5;1
Rocinha;2024;1;148;6;0,0;60,094691;0,0;0,0;91,27593479413088;0,9999;69356;1209,2;5;3
Pedra de Guaratiba;2019;2;149;1;0,0;0,0;24,880581;0,0;75,53345664453734;0,0;9488;2296,41;2;0
Pedra de Guaratiba;2020;0;149;2;0,0;0,0;17,203013;0,0;75,53345664453734;0,0;9488;2296,41;0;0
Pedra de Guaratiba;2021;1;149;3;0,0;0,0;22,570668;0,0;75,53345664453734;0,0;9488;2296,41;0;0
Pedra de Guaratiba;2022;3;149;4;0,0;0,0;24,572382;0,0;75,53345664453734;0,0;9488;2296,41;1;0
Pedra de Guaratiba;2023;2;149;5;0,0;0,0;24,880581;0,0;75,53345664453734;0,0;9488;2296,41;2;1
Pedra de Guaratiba;2024;9;149;6;0,0;0,0;22,885599;0,0;75,53345664453734;0,0;9488;2296,41;3;0
Recreio dos Bandeirantes;2019;17;150;1;0,0;0,0;11,224959;0,0;82,69146951917168;0,2365;82240;6732,23;13;1
Recreio dos Bandeirantes;2020;7;150;2;0,0;0,0;16,035561;0,0;82,69146951917168;0,2365;82240;6732,23;6;0
Recreio dos Bandeirantes;2021;14;150;3;0,0;0,0;17,280762;0,0;82,69146951917168;0,2365;82240;6732,23;12;2
Recreio dos Bandeirantes;2022;7;150;4;0,0;0,0;17,310365;0,0;82,69146951917168;0,2365;82240;6732,23;9;0
Recreio dos Bandeirantes;2023;27;150;5;0,0;0,0;15,869567;0,0;82,69146951917168;0,2365;82240;6732,23;29;5
Recreio dos Bandeirantes;2024;29;150;6;0,0;0,43726399999999993;16,261706;0,0;82,69146951917168;0,2365;82240;6732,23;16;3
Vidigal;2019;7;151;1;1,5474820000000002;13,778200999999997;0,0;0,0;97,4721000202422;0,0542;12797;1639,85;47;20
Vidigal;2020;3;151;2;1,5474820000000002;13,778200999999997;0,0;0,0;97,4721000202422;0,0542;12797;1639,85;8;5
Vidigal;2021;1;151;3;1,5474820000000002;13,778200999999997;0,0;0,0;97,4721000202422;0,0542;12797;1639,85;2;0
Vidigal;2022;0;151;4;1,5474820000000002;13,778200999999997;0,0;0,0;97,4721000202422;0,0542;12797;1639,85;1;0
Vidigal;2023;0;151;5;1,5474820000000002;13,778200999999997;0,0;0,0;97,4721000202422;0,0542;12797;1639,85;1;1
Vidigal;2024;0;151;6;1,5474820000000002;13,778200999999997;0,0;0,0;97,4721000202422;0,0542;12797;1639,85;1;1
Joá;2019;0;152;1;0,0;0,0;0,0;0,0;75,13777320239024;0,0;818;16906,04;0;0
Joá;2020;0;152;2;0,0;0,0;0,0;0,0;75,13777320239024;0,0;818;16906,04;0;0
Joá;2021;0;152;3;0,0;0,0;0,0;0,0;75,13777320239024;0,0;818;16906,04;0;0
Joá;2022;0;152;4;0,0;0,0;0,0;0,0;75,13777320239024;0,0;818;16906,04;0;0
Joá;2023;0;152;5;0,0;0,0;0,0;0,0;75,13777320239024;0,0;818;16906,04;0;0
Joá;2024;0;152;6;0,0;0,0;0,0;0,0;75,13777320239024;0,0;818;16906,04;0;0
Barra de Guaratiba;2019;2;153;1;0,0;0,0;0,0;0,0;66,67906723629739;0,1764;3577;2105,43;1;1
Barra de Guaratiba;2020;0;153;2;0,0;0,0;3,741102;0,0;66,67906723629739;0,1764;3577;2105,43;0;0
Barra de Guaratiba;2021;1;153;3;0,0;0,0;9,702965;0,0;66,67906723629739;0,1764;3577;2105,43;0;0
Barra de Guaratiba;2022;3;153;4;0,0;0,0;9,702965;0,0;66,67906723629739;0,1764;3577;2105,43;0;0
Barra de Guaratiba;2023;4;153;5;0,0;0,0;7,735202999999999;0,0;66,67906723629739;0,1764;3577;2105,43;2;0
Barra de Guaratiba;2024;2;153;6;0,0;0,0;5,121822;0,0;66,67906723629739;0,1764;3577;2105,43;0;0
Grumari;2019;0;154;1;0,0;0,0;0,0;0,0;24,70161804015567;0,0;167;973,32;0;0
Grumari;2020;1;154;2;0,0;0,0;0,0;0,0;24,70161804015567;0,0;167;973,32;0;0
Grumari;2021;2;154;3;0,0;0,0;0,0;0,0;24,70161804015567;0,0;167;973,32;0;0
Grumari;2022;1;154;4;0,0;0,0;0,0;0,0;24,70161804015567;0,0;167;973,32;0;0
Grumari;2023;0;154;5;0,0;0,0;0,0;0,0;24,70161804015567;0,0;167;973,32;0;0
Grumari;2024;1;154;6;0,0;0,0;0,0;0,0;24,70161804015567;0,0;167;973,32;1;0
Caju;2019;8;155;1;3,71295;1,029447;0,0;0,032084;90,91772220405798;0,0587;20477;1269,57;18;8
Caju;2020;6;155;2;1,7106089999999998;1,029447;0,0;2,034425;90,91772220405798;0,0587;20477;1269,57;22;10
Caju;2021;2;155;3;1,7106089999999998;1,029447;0,0;2,034425;90,91772220405798;0,0587;20477;1269,57;7;3
Caju;2022;7;155;4;1,7106089999999998;1,029447;0,0;2,034425;90,91772220405798;0,0587;20477;1269,57;13;7
Caju;2023;8;155;5;1,7106089999999998;1,029447;0,0;2,034425;90,91772220405798;0,0587;20477;1269,57;5;1
Caju;2024;3;155;6;1,7106089999999998;1,029447;0,0;2,034425;90,91772220405798;0,0587;20477;1269,57;2;2
Deodoro;2019;14;156;1;0,0;0,022202;10,813591;6,378534;96,2238733640488;0,1585;10842;1649,31;10;4
Deodoro;2020;5;156;2;0,0;0,0;11,562575;6,400736;96,2238733640488;0,1585;10842;1649,31;5;3
Deodoro;2021;5;156;3;0,0;0,0;11,562575;6,446531;96,2238733640488;0,1585;10842;1649,31;0;0
Deodoro;2022;6;156;4;0,0;0,0;0,460459;6,446531;96,2238733640488;0,1585;10842;1649,31;2;0
Deodoro;2023;5;156;5;0,0;0,0;0,042097;6,446531;96,2238733640488;0,1585;10842;1649,31;3;2
Deodoro;2024;3;156;6;0,0;0,0;0,042097;6,446531;96,2238733640488;0,1585;10842;1649,31;4;1
Campo Grande;2019;45;157;1;0,0;0,004242;26,248206;0,0;90,24639730227165;0,0466;328370;2308,66;26;5
Campo Grande;2020;33;157;2;0,0;0,080321;25,838331;0,0;90,24639730227165;0,0466;328370;2308,66;29;3
Campo Grande;2021;33;157;3;0,0;0,080321;22,294807000000002;0,0;90,24639730227165;0,0466;328370;2308,66;23;2
Campo Grande;2022;30;157;4;0,0;0,080321;20,68382;0,0;90,24639730227165;0,0466;328370;2308,66;33;4
Campo Grande;2023;30;157;5;0,0;0,080321;21,363308;0,0;90,24639730227165;0,0466;328370;2308,66;19;4
Campo Grande;2024;30;157;6;0,0;0,080321;22,869026000000005;0,0;90,24639730227165;0,0466;328370;2308,66;24;2
Bangu;2019;141;158;1;3,5618326888458416;6,965992137758678;15,355562887555784;3,6755586949669428;95,90332583268912;0,1153;243125;1840,31;517;82
Bangu;2020;82;158;2;3,5618326888458416;7,023122197985631;13,769656393162318;3,6755586949669428;95,90332583268912;0,1153;243125;1840,31;383;48
Bangu;2021;82;158;3;3,5618326888458416;6,778609267486956;15,270550330009343;3,6755586949669428;95,90332583268912;0,1153;243125;1840,31;209;40
Bangu;2022;62;158;4;3,0039204884761146;6,778609267486956;15,049191640092637;3,6755586949669428;95,90332583268912;0,1153;243125;1840,31;121;48
Bangu;2023;68;158;5;3,0039204884761146;6,778609267486956;14,080802968590158;3,6755586949669428;95,90332583268912;0,1153;243125;1840,31;165;61
Bangu;2024;55;158;6;3,416063665305658;6,778609267486956;15,278741684174484;3,6755586949669428;95,90332583268912;0,1153;243125;1840,31;73;30
Gericinó;2019;0;159;1;0,0;0,017438;78,001764;0,0;95,90332583268912;0,1153;15167;1265,92;1;0
Gericinó;2020;2;159;2;0,0;0,017438;78,001764;0,0;95,90332583268912;0,1153;15167;1265,92;0;0
Gericinó;2021;0;159;3;0,0;0,0;78,01920199999999;0,0;95,90332583268912;0,1153;15167;1265,92;0;0
Gericinó;2022;0;159;4;0,0;0,0;78,01920199999999;0,0;95,90332583268912;0,1153;15167;1265,92;0;0
Gericinó;2023;0;159;5;0,0;0,0;78,01920199999999;0,0;95,90332583268912;0,1153;15167;1265,92;0;0
Gericinó;2024;0;159;6;0,0;0,0;78,01920199999999;0,0;95,90332583268912;0,1153;15167;1265,92;1;1
